title,manufacturer,report_date,year_folder,page_url,slug,local_path
"GM Cruise January 7, 2019 (PDF)",GM Cruise,2019-01-07,2019,https://www.dmv.ca.gov/portal/file/gm-cruise-collision-report-january-7-2019-pdf/,gm-cruise-collision-report-january-7-2019-pdf,reports/2019/gm-cruise-collision-report-january-7-2019-pdf.pdf
"Aurora Innovation January 10, 2019 (PDF)",Aurora Innovation,2019-01-10,2019,https://www.dmv.ca.gov/portal/file/aurora-innovation-collision-report-january-10-2019-pdf/,aurora-innovation-collision-report-january-10-2019-pdf,reports/2019/aurora-innovation-collision-report-january-10-2019-pdf.pdf
"GM Cruise January 10, 2019 (PDF)",GM Cruise,2019-01-10,2019,https://www.dmv.ca.gov/portal/file/gm-cruise-collision-report-january-10-2019-pdf/,gm-cruise-collision-report-january-10-2019-pdf,reports/2019/gm-cruise-collision-report-january-10-2019-pdf.pdf
"Waymo January 26, 2019 (PDF)",Waymo,2019-01-26,2019,https://www.dmv.ca.gov/portal/file/waymo-collision-report-january-26-2019-pdf/,waymo-collision-report-january-26-2019-pdf,reports/2019/waymo-collision-report-january-26-2019-pdf.pdf
"Waymo February 6, 2019 (PDF)",Waymo,2019-02-06,2019,https://www.dmv.ca.gov/portal/file/waymo-collision-report-february-6-2019-pdf/,waymo-collision-report-february-6-2019-pdf,reports/2019/waymo-collision-report-february-6-2019-pdf.pdf
"Waymo February 10, 2019 (PDF)",Waymo,2019-02-10,2019,https://www.dmv.ca.gov/portal/file/waymo-collision-report-february-10-2019-pdf/,waymo-collision-report-february-10-2019-pdf,reports/2019/waymo-collision-report-february-10-2019-pdf.pdf
"GM Cruise February 14, 2019 (PDF)",GM Cruise,2019-02-14,2019,https://www.dmv.ca.gov/portal/file/gm-cruise-collision-report-february-14-2019-pdf/,gm-cruise-collision-report-february-14-2019-pdf,reports/2019/gm-cruise-collision-report-february-14-2019-pdf.pdf
"Waymo February 26, 2019 (PDF)",Waymo,2019-02-26,2019,https://www.dmv.ca.gov/portal/file/waymo-collision-report-february-26-2019-pdf/,waymo-collision-report-february-26-2019-pdf,reports/2019/waymo-collision-report-february-26-2019-pdf.pdf
"GM Cruise February 27, 2019 (PDF)",GM Cruise,2019-02-27,2019,https://www.dmv.ca.gov/portal/file/gm-cruise-collision-report-february-27-2019-pdf/,gm-cruise-collision-report-february-27-2019-pdf,reports/2019/gm-cruise-collision-report-february-27-2019-pdf.pdf
"Lyft February 28, 2019 (PDF)",Lyft,2019-02-28,2019,https://www.dmv.ca.gov/portal/file/lyft-collision-report-february-28-2019-pdf/,lyft-collision-report-february-28-2019-pdf,reports/2019/lyft-collision-report-february-28-2019-pdf.pdf
"Lyft March 6, 2019 (PDF)",Lyft,2019-03-06,2019,https://www.dmv.ca.gov/portal/file/lyft-collision-report-march-6-2019-pdf/,lyft-collision-report-march-6-2019-pdf,reports/2019/lyft-collision-report-march-6-2019-pdf.pdf
"GM Cruise March 8, 2019 (PDF)",GM Cruise,2019-03-08,2019,https://www.dmv.ca.gov/portal/file/gm-cruise-collision-report-march-8-2019-pdf/,gm-cruise-collision-report-march-8-2019-pdf,reports/2019/gm-cruise-collision-report-march-8-2019-pdf.pdf
"Lyft March 12, 2019 (PDF)",Lyft,2019-03-12,2019,https://www.dmv.ca.gov/portal/file/lyft-collision-report-march-12-2019-pdf/,lyft-collision-report-march-12-2019-pdf,reports/2019/lyft-collision-report-march-12-2019-pdf.pdf
"GM Cruise March 23, 2019 (PDF)",GM Cruise,2019-03-23,2019,https://www.dmv.ca.gov/portal/file/gm-cruise-collision-report-march-23-2019-pdf/,gm-cruise-collision-report-march-23-2019-pdf,reports/2019/gm-cruise-collision-report-march-23-2019-pdf.pdf
"GM Cruise March 24, 2019 (PDF)",GM Cruise,2019-03-24,2019,https://www.dmv.ca.gov/portal/file/gm-cruise-collision-report-march-24-2019-pdf/,gm-cruise-collision-report-march-24-2019-pdf,reports/2019/gm-cruise-collision-report-march-24-2019-pdf.pdf
"Waymo March 26, 2019 (PDF)",Waymo,2019-03-26,2019,https://www.dmv.ca.gov/portal/file/waymo-collision-report-march-26-2019-pdf/,waymo-collision-report-march-26-2019-pdf,reports/2019/waymo-collision-report-march-26-2019-pdf.pdf
"GM Cruise April 3, 2019 (PDF)",GM Cruise,2019-04-03,2019,https://www.dmv.ca.gov/portal/file/gm-cruise-collision-report-april-3-2019-pdf/,gm-cruise-collision-report-april-3-2019-pdf,reports/2019/gm-cruise-collision-report-april-3-2019-pdf.pdf
"GM Cruise April 10, 2019 (1) (PDF)",GM Cruise,2019-04-10,2019,https://www.dmv.ca.gov/portal/file/gm-cruise-collision-report-april-10-2019-1-pdf/,gm-cruise-collision-report-april-10-2019-1-pdf,reports/2019/gm-cruise-collision-report-april-10-2019-1-pdf.pdf
"GM Cruise April 10, 2019 (2) (PDF)",GM Cruise,2019-04-10,2019,https://www.dmv.ca.gov/portal/file/gm-cruise-collision-report-april-10-2019-2-pdf/,gm-cruise-collision-report-april-10-2019-2-pdf,reports/2019/gm-cruise-collision-report-april-10-2019-2-pdf.pdf
"Lyft April 11, 2019 (PDF)",Lyft,2019-04-11,2019,https://www.dmv.ca.gov/portal/file/lyft-collision-report-april-11-2019-pdf/,lyft-collision-report-april-11-2019-pdf,reports/2019/lyft-collision-report-april-11-2019-pdf.pdf
"GM Cruise April 14, 2019 (1) (PDF)",GM Cruise,2019-04-14,2019,https://www.dmv.ca.gov/portal/file/gm-cruise-collision-report-april-14-2019-1-pdf/,gm-cruise-collision-report-april-14-2019-1-pdf,reports/2019/gm-cruise-collision-report-april-14-2019-1-pdf.pdf
"GM Cruise April 14, 2019 (2) (PDF)",GM Cruise,2019-04-14,2019,https://www.dmv.ca.gov/portal/file/gm-cruise-collision-report-april-14-2019-2-pdf/,gm-cruise-collision-report-april-14-2019-2-pdf,reports/2019/gm-cruise-collision-report-april-14-2019-2-pdf.pdf
"GM Cruise May 2, 2019 (PDF)",GM Cruise,2019-05-02,2019,https://www.dmv.ca.gov/portal/file/gm-cruise-collision-report-may-2-2019-pdf/,gm-cruise-collision-report-may-2-2019-pdf,reports/2019/gm-cruise-collision-report-may-2-2019-pdf.pdf
"Lyft May 2, 2019 (PDF)",Lyft,2019-05-02,2019,https://www.dmv.ca.gov/portal/file/lyft-collision-report-may-2-2019-pdf/,lyft-collision-report-may-2-2019-pdf,reports/2019/lyft-collision-report-may-2-2019-pdf.pdf
"GM Cruise May 4, 2019 (1) (PDF)",GM Cruise,2019-05-04,2019,https://www.dmv.ca.gov/portal/file/gm-cruise-collision-report-may-4-2019-1-pdf/,gm-cruise-collision-report-may-4-2019-1-pdf,reports/2019/gm-cruise-collision-report-may-4-2019-1-pdf.pdf
"GM Cruise May 4, 2019 (2) (PDF)",GM Cruise,2019-05-04,2019,https://www.dmv.ca.gov/portal/file/gm-cruise-collision-report-may-4-2019-2-pdf/,gm-cruise-collision-report-may-4-2019-2-pdf,reports/2019/gm-cruise-collision-report-may-4-2019-2-pdf.pdf
"GM Cruise May 8, 2019 (PDF)",GM Cruise,2019-05-08,2019,https://www.dmv.ca.gov/portal/file/gm-cruise-collision-report-may-8-2019-pdf/,gm-cruise-collision-report-may-8-2019-pdf,reports/2019/gm-cruise-collision-report-may-8-2019-pdf.pdf
"GM Cruise May 13, 2019 (PDF)",GM Cruise,2019-05-13,2019,https://www.dmv.ca.gov/portal/file/gm-cruise-collision-report-may-13-2019-pdf/,gm-cruise-collision-report-may-13-2019-pdf,reports/2019/gm-cruise-collision-report-may-13-2019-pdf.pdf
"Waymo May 15, 2019 (PDF)",Waymo,2019-05-15,2019,https://www.dmv.ca.gov/portal/file/waymo-collision-report-may-15-2019-pdf/,waymo-collision-report-may-15-2019-pdf,reports/2019/waymo-collision-report-may-15-2019-pdf.pdf
"GM Cruise May 18, 2019 (PDF)",GM Cruise,2019-05-18,2019,https://www.dmv.ca.gov/portal/file/gm-cruise-collision-report-may-18-2019-pdf/,gm-cruise-collision-report-may-18-2019-pdf,reports/2019/gm-cruise-collision-report-may-18-2019-pdf.pdf
"Waymo May 22, 2019 (PDF)",Waymo,2019-05-22,2019,https://www.dmv.ca.gov/portal/file/waymo-collision-report-may-22-2019-pdf/,waymo-collision-report-may-22-2019-pdf,reports/2019/waymo-collision-report-may-22-2019-pdf.pdf
"GM Cruise May 24, 2019 (PDF)",GM Cruise,2019-05-24,2019,https://www.dmv.ca.gov/portal/file/gm-cruise-collision-report-may-24-2019-pdf/,gm-cruise-collision-report-may-24-2019-pdf,reports/2019/gm-cruise-collision-report-may-24-2019-pdf.pdf
"Waymo May 29, 2019 (PDF)",Waymo,2019-05-29,2019,https://www.dmv.ca.gov/portal/file/waymo-collision-report-may-29-2019-pdf/,waymo-collision-report-may-29-2019-pdf,reports/2019/waymo-collision-report-may-29-2019-pdf.pdf
"GM Cruise June 8, 2019 (PDF)",GM Cruise,2019-06-08,2019,https://www.dmv.ca.gov/portal/file/gm-cruise-collision-report-june-8-2019-pdf/,gm-cruise-collision-report-june-8-2019-pdf,reports/2019/gm-cruise-collision-report-june-8-2019-pdf.pdf
"Zoox Inc June 11, 2019 (PDF)",Zoox Inc,2019-06-11,2019,https://www.dmv.ca.gov/portal/file/collision-report-zoox-june-11-2019-pdf/,collision-report-zoox-june-11-2019-pdf,reports/2019/collision-report-zoox-june-11-2019-pdf.pdf
"GM Cruise June 12, 2019 (PDF)",GM Cruise,2019-06-12,2019,https://www.dmv.ca.gov/portal/file/gm-cruise-collision-report-june-12-2019-pdf/,gm-cruise-collision-report-june-12-2019-pdf,reports/2019/gm-cruise-collision-report-june-12-2019-pdf.pdf
"GM Cruise June 13, 2019 (PDF)",GM Cruise,2019-06-13,2019,https://www.dmv.ca.gov/portal/file/gm-cruise-collision-report-june-13-2019-pdf/,gm-cruise-collision-report-june-13-2019-pdf,reports/2019/gm-cruise-collision-report-june-13-2019-pdf.pdf
"Waymo June 16, 2019 (PDF)",Waymo,2019-06-16,2019,https://www.dmv.ca.gov/portal/file/waymo-collision-report-june-16-2019-pdf/,waymo-collision-report-june-16-2019-pdf,reports/2019/waymo-collision-report-june-16-2019-pdf.pdf
"Zoox Inc June 19, 2019 (PDF)",Zoox Inc,2019-06-19,2019,https://www.dmv.ca.gov/portal/file/collision-report-zoox-june-19-2019-pdf/,collision-report-zoox-june-19-2019-pdf,reports/2019/collision-report-zoox-june-19-2019-pdf.pdf
"GM Cruise June 20, 2019 (PDF)",GM Cruise,2019-06-20,2019,https://www.dmv.ca.gov/portal/file/gm-cruise-collision-report-june-20-2019-pdf/,gm-cruise-collision-report-june-20-2019-pdf,reports/2019/gm-cruise-collision-report-june-20-2019-pdf.pdf
"GM Cruise June 23, 2019 (PDF)",GM Cruise,2019-06-23,2019,https://www.dmv.ca.gov/portal/file/gm-cruise-collision-report-june-23-2019-pdf/,gm-cruise-collision-report-june-23-2019-pdf,reports/2019/gm-cruise-collision-report-june-23-2019-pdf.pdf
"GM Cruise June 26, 2019 (PDF)",GM Cruise,2019-06-26,2019,https://www.dmv.ca.gov/portal/file/gm-cruise-collision-report-june-26-2019-pdf/,gm-cruise-collision-report-june-26-2019-pdf,reports/2019/gm-cruise-collision-report-june-26-2019-pdf.pdf
"Pony.ai June 26, 2019 (PDF)",Pony.ai,2019-06-26,2019,https://www.dmv.ca.gov/portal/file/pony-ai-collision-report-june-26-2019-pdf/,pony-ai-collision-report-june-26-2019-pdf,reports/2019/pony-ai-collision-report-june-26-2019-pdf.pdf
"GM Cruise June 27, 2019 (PDF)",GM Cruise,2019-06-27,2019,https://www.dmv.ca.gov/portal/file/gm-cruise-collision-report-june-27-2019-pdf/,gm-cruise-collision-report-june-27-2019-pdf,reports/2019/gm-cruise-collision-report-june-27-2019-pdf.pdf
"GM Cruise June 29, 2019 (PDF)",GM Cruise,2019-06-29,2019,https://www.dmv.ca.gov/portal/file/gm-cruise-collision-report-june-29-2019-pdf/,gm-cruise-collision-report-june-29-2019-pdf,reports/2019/gm-cruise-collision-report-june-29-2019-pdf.pdf
"GM Cruise July 1, 2019 (PDF)",GM Cruise,2019-07-01,2019,https://www.dmv.ca.gov/portal/file/gm-cruise-collision-report-july-2019-pdf/,gm-cruise-collision-report-july-2019-pdf,reports/2019/gm-cruise-collision-report-july-2019-pdf.pdf
"GM Cruise July 2, 2019 (PDF)",GM Cruise,2019-07-02,2019,https://www.dmv.ca.gov/portal/file/gm-cruise-collision-report-july-2-2019-pdf/,gm-cruise-collision-report-july-2-2019-pdf,reports/2019/gm-cruise-collision-report-july-2-2019-pdf.pdf
"Waymo July 8, 2019 (PDF)",Waymo,2019-07-08,2019,https://www.dmv.ca.gov/portal/file/waymo-collision-report-july-8-2019-pdf/,waymo-collision-report-july-8-2019-pdf,reports/2019/waymo-collision-report-july-8-2019-pdf.pdf
"GM Cruise July 10, 2019 (PDF)",GM Cruise,2019-07-10,2019,https://www.dmv.ca.gov/portal/file/gm-cruise-collision-report-july-10-2019-pdf/,gm-cruise-collision-report-july-10-2019-pdf,reports/2019/gm-cruise-collision-report-july-10-2019-pdf.pdf
"Pony.aI July 12, 2019 (PDF)",Pony.aI,2019-07-12,2019,https://www.dmv.ca.gov/portal/file/pony-ai-collision-report-july-12-2019-pdf/,pony-ai-collision-report-july-12-2019-pdf,reports/2019/pony-ai-collision-report-july-12-2019-pdf.pdf
"GM Cruise July 15, 2019 (PDF)",GM Cruise,2019-07-15,2019,https://www.dmv.ca.gov/portal/file/gm-cruise-collision-report-july-15-2019-pdf/,gm-cruise-collision-report-july-15-2019-pdf,reports/2019/gm-cruise-collision-report-july-15-2019-pdf.pdf
"Waymo July 16, 2019 (PDF)",Waymo,2019-07-16,2019,https://www.dmv.ca.gov/portal/file/waymo-collision-report-july-16-2019-pdf/,waymo-collision-report-july-16-2019-pdf,reports/2019/waymo-collision-report-july-16-2019-pdf.pdf
"GM Cruise July 17, 2019 (PDF)",GM Cruise,2019-07-17,2019,https://www.dmv.ca.gov/portal/file/gm-cruise-collision-report-july-17-2019-pdf/,gm-cruise-collision-report-july-17-2019-pdf,reports/2019/gm-cruise-collision-report-july-17-2019-pdf.pdf
"GM Cruise July 20, 2019 (PDF)",GM Cruise,2019-07-20,2019,https://www.dmv.ca.gov/portal/file/gm-cruise-collision-report-july-20-2019-pdf/,gm-cruise-collision-report-july-20-2019-pdf,reports/2019/gm-cruise-collision-report-july-20-2019-pdf.pdf
"GM Cruise July 21, 2019 (1) (PDF)",GM Cruise,2019-07-21,2019,https://www.dmv.ca.gov/portal/file/gm-cruise-collision-report-july-21-2019-1-pdf/,gm-cruise-collision-report-july-21-2019-1-pdf,reports/2019/gm-cruise-collision-report-july-21-2019-1-pdf.pdf
"GM Cruise July 21, 2019 (2) (PDF)",GM Cruise,2019-07-21,2019,https://www.dmv.ca.gov/portal/file/gm-cruise-collision-report-july-21-2019-2-pdf/,gm-cruise-collision-report-july-21-2019-2-pdf,reports/2019/gm-cruise-collision-report-july-21-2019-2-pdf.pdf
"Zoox July 23, 2019 (PDF)",Zoox,2019-07-23,2019,https://www.dmv.ca.gov/portal/file/collision-report-zoox-july-23-2019-pdf/,collision-report-zoox-july-23-2019-pdf,reports/2019/collision-report-zoox-july-23-2019-pdf.pdf
"GM Cruise August 4, 2019 (PDF)",GM Cruise,2019-08-04,2019,https://www.dmv.ca.gov/portal/file/gm-cruise-collision-report-august-4-2019-pdf/,gm-cruise-collision-report-august-4-2019-pdf,reports/2019/gm-cruise-collision-report-august-4-2019-pdf.pdf
"GM Cruise August 7, 2019 (PDF)",GM Cruise,2019-08-07,2019,https://www.dmv.ca.gov/portal/file/gm-cruise-collision-report-august-7-2019-pdf/,gm-cruise-collision-report-august-7-2019-pdf,reports/2019/gm-cruise-collision-report-august-7-2019-pdf.pdf
"Waymo August 9, 2019 (1) (PDF)",Waymo,2019-08-09,2019,https://www.dmv.ca.gov/portal/file/waymo-collision-report-august-9-2019-1-pdf/,waymo-collision-report-august-9-2019-1-pdf,reports/2019/waymo-collision-report-august-9-2019-1-pdf.pdf
"Waymo August 9, 2019 (2) (PDF)",Waymo,2019-08-09,2019,https://www.dmv.ca.gov/portal/file/waymo-collision-report-august-9-2019-2-pdf/,waymo-collision-report-august-9-2019-2-pdf,reports/2019/waymo-collision-report-august-9-2019-2-pdf.pdf
"GM Cruise August 10, 2019 (PDF)",GM Cruise,2019-08-10,2019,https://www.dmv.ca.gov/portal/file/gm-cruise-collision-report-august-10-2019-pdf/,gm-cruise-collision-report-august-10-2019-pdf,reports/2019/gm-cruise-collision-report-august-10-2019-pdf.pdf
"Waymo August 12, 2019 (PDF)",Waymo,2019-08-12,2019,https://www.dmv.ca.gov/portal/file/waymo-collision-report-august-12-2019-pdf/,waymo-collision-report-august-12-2019-pdf,reports/2019/waymo-collision-report-august-12-2019-pdf.pdf
"Waymo August 13, 2019 (PDF)",Waymo,2019-08-13,2019,https://www.dmv.ca.gov/portal/file/waymo-collision-report-august-13-2019-pdf/,waymo-collision-report-august-13-2019-pdf,reports/2019/waymo-collision-report-august-13-2019-pdf.pdf
"GM Cruise August 22, 2019 (PDF)",GM Cruise,2019-08-22,2019,https://www.dmv.ca.gov/portal/file/gm-cruise-collision-report-august-22-2019-pdf/,gm-cruise-collision-report-august-22-2019-pdf,reports/2019/gm-cruise-collision-report-august-22-2019-pdf.pdf
"GM Cruise August 26, 2019 (PDF)",GM Cruise,2019-08-26,2019,https://www.dmv.ca.gov/portal/file/gm-cruise-collision-report-august-26-2019-pdf/,gm-cruise-collision-report-august-26-2019-pdf,reports/2019/gm-cruise-collision-report-august-26-2019-pdf.pdf
"GM Cruise September 5, 2019 (PDF)",GM Cruise,2019-09-05,2019,https://www.dmv.ca.gov/portal/file/gm-cruise-collision-report-september-5-2019-pdf/,gm-cruise-collision-report-september-5-2019-pdf,reports/2019/gm-cruise-collision-report-september-5-2019-pdf.pdf
"GM Cruise September 9, 2019 (PDF)",GM Cruise,2019-09-09,2019,https://www.dmv.ca.gov/portal/file/gm-cruise-collision-report-september-9-2019-pdf/,gm-cruise-collision-report-september-9-2019-pdf,reports/2019/gm-cruise-collision-report-september-9-2019-pdf.pdf
"Waymo September 14, 2019 (PDF)",Waymo,2019-09-14,2019,https://www.dmv.ca.gov/portal/file/waymo-collision-report-september-14-2019-pdf/,waymo-collision-report-september-14-2019-pdf,reports/2019/waymo-collision-report-september-14-2019-pdf.pdf
"Aimotive September 16, 2019 (PDF)",Aimotive,2019-09-16,2019,https://www.dmv.ca.gov/portal/file/aimotive-collision-report-september-16-2019-pdf/,aimotive-collision-report-september-16-2019-pdf,reports/2019/aimotive-collision-report-september-16-2019-pdf.pdf
"Apple September 19, 2019 (PDF)",Apple,2019-09-19,2019,https://www.dmv.ca.gov/portal/file/apple-collision-report-september-19-2019-pdf/,apple-collision-report-september-19-2019-pdf,reports/2019/apple-collision-report-september-19-2019-pdf.pdf
"GM Cruise September 27, 2019 (PDF)",GM Cruise,2019-09-27,2019,https://www.dmv.ca.gov/portal/file/gm-cruise-collision-report-september-27-2019-pdf/,gm-cruise-collision-report-september-27-2019-pdf,reports/2019/gm-cruise-collision-report-september-27-2019-pdf.pdf
"GM Cruise October 3, 2019 (PDF)",GM Cruise,2019-10-03,2019,https://www.dmv.ca.gov/portal/file/gm-cruise-collision-report-october-3-2019-pdf/,gm-cruise-collision-report-october-3-2019-pdf,reports/2019/gm-cruise-collision-report-october-3-2019-pdf.pdf
"Waymo October 10, 2019 (PDF)",Waymo,2019-10-10,2019,https://www.dmv.ca.gov/portal/file/waymo-collision-report-october-10-2019-pdf/,waymo-collision-report-october-10-2019-pdf,reports/2019/waymo-collision-report-october-10-2019-pdf.pdf
"Zoox October 11, 2019 (PDF)",Zoox,2019-10-11,2019,https://www.dmv.ca.gov/portal/file/collision-report-zoox-october-11-2019-pdf/,collision-report-zoox-october-11-2019-pdf,reports/2019/collision-report-zoox-october-11-2019-pdf.pdf
"Zoox October 12, 2019 (PDF)",Zoox,2019-10-12,2019,https://www.dmv.ca.gov/portal/file/collision-report-zoox-october-12-2019-pdf/,collision-report-zoox-october-12-2019-pdf,reports/2019/collision-report-zoox-october-12-2019-pdf.pdf
"Cruise October 12, 2019 (PDF)",Cruise,2019-10-12,2019,https://www.dmv.ca.gov/portal/file/gm-cruise-collision-report-october-12-2019-pdf/,gm-cruise-collision-report-october-12-2019-pdf,reports/2019/gm-cruise-collision-report-october-12-2019-pdf.pdf
"Waymo October 14, 2019 (PDF)",Waymo,2019-10-14,2019,https://www.dmv.ca.gov/portal/file/waymo-collision-report-october-14-2019-pdf/,waymo-collision-report-october-14-2019-pdf,reports/2019/waymo-collision-report-october-14-2019-pdf.pdf
"Waymo October 16, 2019 (PDF)",Waymo,2019-10-16,2019,https://www.dmv.ca.gov/portal/file/waymo-collision-report-october-16-2019-pdf/,waymo-collision-report-october-16-2019-pdf,reports/2019/waymo-collision-report-october-16-2019-pdf.pdf
"Cruise October 17, 2019 (PDF)",Cruise,2019-10-17,2019,https://www.dmv.ca.gov/portal/file/cruise-collision-report-october-17-2019-pdf/,cruise-collision-report-october-17-2019-pdf,reports/2019/cruise-collision-report-october-17-2019-pdf.pdf
"Waymo October 18, 2019 (PDF)",Waymo,2019-10-18,2019,https://www.dmv.ca.gov/portal/file/waymo-collision-report-october-18-2019-pdf/,waymo-collision-report-october-18-2019-pdf,reports/2019/waymo-collision-report-october-18-2019-pdf.pdf
"Waymo October 19, 2019 (PDF)",Waymo,2019-10-19,2019,https://www.dmv.ca.gov/portal/file/waymo-collision-report-october-19-2019-pdf/,waymo-collision-report-october-19-2019-pdf,reports/2019/waymo-collision-report-october-19-2019-pdf.pdf
"Cruise October 26, 2019 (PDF)",Cruise,2019-10-26,2019,https://www.dmv.ca.gov/portal/file/cruise-collision-report-october-26-2019-pdf/,cruise-collision-report-october-26-2019-pdf,reports/2019/cruise-collision-report-october-26-2019-pdf.pdf
"Cruise October 27, 2019 (PDF)",Cruise,2019-10-27,2019,https://www.dmv.ca.gov/portal/file/cruise-collision-report-october-27-2019-pdf/,cruise-collision-report-october-27-2019-pdf,reports/2019/cruise-collision-report-october-27-2019-pdf.pdf
"Cruise October 28, 2019 (PDF)",Cruise,2019-10-28,2019,https://www.dmv.ca.gov/portal/file/cruise-collision-report-october-28-2019-pdf/,cruise-collision-report-october-28-2019-pdf,reports/2019/cruise-collision-report-october-28-2019-pdf.pdf
"Waymo October 28, 2019 (1) (PDF)",Waymo,2019-10-28,2019,https://www.dmv.ca.gov/portal/file/waymo-collision-report-october-28-2019-1-pdf/,waymo-collision-report-october-28-2019-1-pdf,reports/2019/waymo-collision-report-october-28-2019-1-pdf.pdf
"Waymo October 28, 2019 (2) (PDF)",Waymo,2019-10-28,2019,https://www.dmv.ca.gov/portal/file/waymo-collision-report-october-28-2019-2-pdf/,waymo-collision-report-october-28-2019-2-pdf,reports/2019/waymo-collision-report-october-28-2019-2-pdf.pdf
"Cruise October 29, 2019 (PDF)",Cruise,2019-10-29,2019,https://www.dmv.ca.gov/portal/file/cruise-collision-report-october-29-2019-pdf/,cruise-collision-report-october-29-2019-pdf,reports/2019/cruise-collision-report-october-29-2019-pdf.pdf
"Waymo November 4, 2019 (PDF)",Waymo,2019-11-04,2019,https://www.dmv.ca.gov/portal/file/waymo-collision-report-november-4-2019-pdf/,waymo-collision-report-november-4-2019-pdf,reports/2019/waymo-collision-report-november-4-2019-pdf.pdf
"Cruise November 7, 2019 (1) (PDF)",Cruise,2019-11-07,2019,https://www.dmv.ca.gov/portal/file/cruise-collision-report-november-7-2019-1-pdf/,cruise-collision-report-november-7-2019-1-pdf,reports/2019/cruise-collision-report-november-7-2019-1-pdf.pdf
"Cruise November 7, 2019 (2) (PDF)",Cruise,2019-11-07,2019,https://www.dmv.ca.gov/portal/file/cruise-collision-report-november-7-2019-2-pdf/,cruise-collision-report-november-7-2019-2-pdf,reports/2019/cruise-collision-report-november-7-2019-2-pdf.pdf
"Cruise November 9, 2019 (PDF)",Cruise,2019-11-09,2019,https://www.dmv.ca.gov/portal/file/cruise-collision-report-november-9-2019-pdf/,cruise-collision-report-november-9-2019-pdf,reports/2019/cruise-collision-report-november-9-2019-pdf.pdf
"Cruise November 10, 2019 (PDF)",Cruise,2019-11-10,2019,https://www.dmv.ca.gov/portal/file/cruise-collision-report-november-10-2019-pdf/,cruise-collision-report-november-10-2019-pdf,reports/2019/cruise-collision-report-november-10-2019-pdf.pdf
"Cruise November 18, 2019 (PDF)",Cruise,2019-11-18,2019,https://www.dmv.ca.gov/portal/file/cruise-collision-report-november-18-2019-pdf/,cruise-collision-report-november-18-2019-pdf,reports/2019/cruise-collision-report-november-18-2019-pdf.pdf
"Lyft November 19, 2019 (PDF)",Lyft,2019-11-19,2019,https://www.dmv.ca.gov/portal/file/lyft-collision-report-november-19-2019-pdf/,lyft-collision-report-november-19-2019-pdf,reports/2019/lyft-collision-report-november-19-2019-pdf.pdf
"Zoox November 22, 2019 (PDF)",Zoox,2019-11-22,2019,https://www.dmv.ca.gov/portal/file/collision-report-zoox-november-22-2019-pdf/,collision-report-zoox-november-22-2019-pdf,reports/2019/collision-report-zoox-november-22-2019-pdf.pdf
"Cruise November 25, 2019 (PDF)",Cruise,2019-11-25,2019,https://www.dmv.ca.gov/portal/file/cruise-collision-report-november-25-2019-pdf/,cruise-collision-report-november-25-2019-pdf,reports/2019/cruise-collision-report-november-25-2019-pdf.pdf
"Cruise November 29, 2019 (PDF)",Cruise,2019-11-29,2019,https://www.dmv.ca.gov/portal/file/cruise-collision-report-november-29-2019-pdf/,cruise-collision-report-november-29-2019-pdf,reports/2019/cruise-collision-report-november-29-2019-pdf.pdf
"Cruise December 8, 2019 (PDF)",Cruise,2019-12-08,2019,https://www.dmv.ca.gov/portal/file/cruise-collision-report-december-8-2019-pdf/,cruise-collision-report-december-8-2019-pdf,reports/2019/cruise-collision-report-december-8-2019-pdf.pdf
"Cruise December 13, 2019 (PDF)",Cruise,2019-12-13,2019,https://www.dmv.ca.gov/portal/file/cruise-collision-report-december-13-2019-pdf/,cruise-collision-report-december-13-2019-pdf,reports/2019/cruise-collision-report-december-13-2019-pdf.pdf
"Zoox December 19, 2019 (PDF)",Zoox,2019-12-19,2019,https://www.dmv.ca.gov/portal/file/collision-report-zoox-december-19-2019-pdf/,collision-report-zoox-december-19-2019-pdf,reports/2019/collision-report-zoox-december-19-2019-pdf.pdf
"Cruise December 19, 2019 (PDF)",Cruise,2019-12-19,2019,https://www.dmv.ca.gov/portal/file/cruise-collision-report-december-19-2019-pdf/,cruise-collision-report-december-19-2019-pdf,reports/2019/cruise-collision-report-december-19-2019-pdf.pdf
"Zoox December 20, 2019 (PDF)",Zoox,2019-12-20,2019,https://www.dmv.ca.gov/portal/file/collision-report-zoox-december-20-2019-pdf/,collision-report-zoox-december-20-2019-pdf,reports/2019/collision-report-zoox-december-20-2019-pdf.pdf
"Waymo December 20, 2019 (PDF)",Waymo,2019-12-20,2019,https://www.dmv.ca.gov/portal/file/waymo-collision-report-december-20-2019-pdf/,waymo-collision-report-december-20-2019-pdf,reports/2019/waymo-collision-report-december-20-2019-pdf.pdf
"Cruise December 27, 2019 (PDF)",Cruise,2019-12-27,2019,https://www.dmv.ca.gov/portal/file/cruise-collision-report-december-27-2019-pdf/,cruise-collision-report-december-27-2019-pdf,reports/2019/cruise-collision-report-december-27-2019-pdf.pdf
"Cruise January 2, 2020 (PDF)",Cruise,2020-01-02,2020,https://www.dmv.ca.gov/portal/file/cruise-collision-report-january-2-2020-pdf/,cruise-collision-report-january-2-2020-pdf,reports/2020/cruise-collision-report-january-2-2020-pdf.pdf
"Waymo January 7, 2020 (PDF)",Waymo,2020-01-07,2020,https://www.dmv.ca.gov/portal/file/waymo-collision-report-january-7-2020-pdf/,waymo-collision-report-january-7-2020-pdf,reports/2020/waymo-collision-report-january-7-2020-pdf.pdf
"Zoox January 8, 2020 (PDF)",Zoox,2020-01-08,2020,https://www.dmv.ca.gov/portal/file/collision-report-zoox-january-8-2020-pdf/,collision-report-zoox-january-8-2020-pdf,reports/2020/collision-report-zoox-january-8-2020-pdf.pdf
"Cruise January 12, 2020 (PDF)",Cruise,2020-01-12,2020,https://www.dmv.ca.gov/portal/file/cruise-collision-report-january-12-2020-pdf/,cruise-collision-report-january-12-2020-pdf,reports/2020/cruise-collision-report-january-12-2020-pdf.pdf
"Zoox January 13, 2020 (PDF)",Zoox,2020-01-13,2020,https://www.dmv.ca.gov/portal/file/collision-report-zoox-january-13-2020-pdf/,collision-report-zoox-january-13-2020-pdf,reports/2020/collision-report-zoox-january-13-2020-pdf.pdf
"Aurora Innovation January 14, 2020 (PDF)",Aurora Innovation,2020-01-14,2020,https://www.dmv.ca.gov/portal/file/aurora-innovation-collision-report-january-14-2020-pdf/,aurora-innovation-collision-report-january-14-2020-pdf,reports/2020/aurora-innovation-collision-report-january-14-2020-pdf.pdf
"Zoox January 14, 2020 (PDF)",Zoox,2020-01-14,2020,https://www.dmv.ca.gov/portal/file/collision-report-zoox-january-14-2020-pdf/,collision-report-zoox-january-14-2020-pdf,reports/2020/collision-report-zoox-january-14-2020-pdf.pdf
"Zoox January 21, 2020 (2) (PDF)",Zoox,2020-01-21,2020,https://www.dmv.ca.gov/portal/file/collision-report-zoox-january-21-2020-2-pdf/,collision-report-zoox-january-21-2020-2-pdf,reports/2020/collision-report-zoox-january-21-2020-2-pdf.pdf
"Zoox January 21, 2020 (PDF)",Zoox,2020-01-21,2020,https://www.dmv.ca.gov/portal/file/collision-report-zoox-january-21-2020-pdf/,collision-report-zoox-january-21-2020-pdf,reports/2020/collision-report-zoox-january-21-2020-pdf.pdf
"Cruise January 25, 2020 (PDF)",Cruise,2020-01-25,2020,https://www.dmv.ca.gov/portal/file/cruise-collision-report-january-25-2020-pdf/,cruise-collision-report-january-25-2020-pdf,reports/2020/cruise-collision-report-january-25-2020-pdf.pdf
"Waymo January 28, 2020 (PDF)",Waymo,2020-01-28,2020,https://www.dmv.ca.gov/portal/file/waymo-collision-report-january-28-2020-pdf/,waymo-collision-report-january-28-2020-pdf,reports/2020/waymo-collision-report-january-28-2020-pdf.pdf
"Cruise January 29, 2020 (PDF)",Cruise,2020-01-29,2020,https://www.dmv.ca.gov/portal/file/cruise-collision-report-january-29-2020-pdf/,cruise-collision-report-january-29-2020-pdf,reports/2020/cruise-collision-report-january-29-2020-pdf.pdf
"Cruise January 31, 2020 (PDF)",Cruise,2020-01-31,2020,https://www.dmv.ca.gov/portal/file/cruise-collision-report-january-31-2020-pdf/,cruise-collision-report-january-31-2020-pdf,reports/2020/cruise-collision-report-january-31-2020-pdf.pdf
"Cruise February 5, 2020 (PDF)",Cruise,2020-02-05,2020,https://www.dmv.ca.gov/portal/file/cruise-collision-report-february-5-2020-pdf/,cruise-collision-report-february-5-2020-pdf,reports/2020/cruise-collision-report-february-5-2020-pdf.pdf
"Cruise February 9, 2020 (PDF)",Cruise,2020-02-09,2020,https://www.dmv.ca.gov/portal/file/cruise-collision-report-february-9-2020-pdf/,cruise-collision-report-february-9-2020-pdf,reports/2020/cruise-collision-report-february-9-2020-pdf.pdf
"Waymo February 12, 2020 (PDF)",Waymo,2020-02-12,2020,https://www.dmv.ca.gov/portal/file/waymo-collision-report-february-12-2020-pdf/,waymo-collision-report-february-12-2020-pdf,reports/2020/waymo-collision-report-february-12-2020-pdf.pdf
"Waymo February 14, 2020 (PDF)",Waymo,2020-02-14,2020,https://www.dmv.ca.gov/portal/file/waymo-collision-report-february-14-2020-pdf/,waymo-collision-report-february-14-2020-pdf,reports/2020/waymo-collision-report-february-14-2020-pdf.pdf
"Zoox February 21, 2020 (PDF)",Zoox,2020-02-21,2020,https://www.dmv.ca.gov/portal/file/zoox-collision-report-february-21-2020-pdf/,zoox-collision-report-february-21-2020-pdf,reports/2020/zoox-collision-report-february-21-2020-pdf.pdf
"Waymo February 26, 2020 (PDF)",Waymo,2020-02-26,2020,https://www.dmv.ca.gov/portal/file/waymo-collision-report-february-26-2020-pdf/,waymo-collision-report-february-26-2020-pdf,reports/2020/waymo-collision-report-february-26-2020-pdf.pdf
"Zoox February 26, 2020 (1) (PDF)",Zoox,2020-02-26,2020,https://www.dmv.ca.gov/portal/file/zoox-collision-report-february-26-2020-1-pdf/,zoox-collision-report-february-26-2020-1-pdf,reports/2020/zoox-collision-report-february-26-2020-1-pdf.pdf
"Zoox February 26, 2020 (2) (PDF)",Zoox,2020-02-26,2020,https://www.dmv.ca.gov/portal/file/zoox-collision-report-february-26-2020-2-pdf/,zoox-collision-report-february-26-2020-2-pdf,reports/2020/zoox-collision-report-february-26-2020-2-pdf.pdf
"Waymo March 10, 2020 (PDF)",Waymo,2020-03-10,2020,https://www.dmv.ca.gov/portal/file/waymo-collision-report-march-10-2020-pdf/,waymo-collision-report-march-10-2020-pdf,reports/2020/waymo-collision-report-march-10-2020-pdf.pdf
"Pony.ai May 30, 2020 (PDF)",Pony.ai,2020-05-30,2020,https://www.dmv.ca.gov/portal/file/pony-ai-collision-report-may-30-2020-pdf/,pony-ai-collision-report-may-30-2020-pdf,reports/2020/pony-ai-collision-report-may-30-2020-pdf.pdf
"Cruise June 1, 2020 (PDF)",Cruise,2020-06-01,2020,https://www.dmv.ca.gov/portal/file/cruise-collision-report-june-1-2020-pdf/,cruise-collision-report-june-1-2020-pdf,reports/2020/cruise-collision-report-june-1-2020-pdf.pdf
"Waymo June 15, 2020 (PDF)",Waymo,2020-06-15,2020,https://www.dmv.ca.gov/portal/file/waymo-collision-report-june-15-2020-pdf/,waymo-collision-report-june-15-2020-pdf,reports/2020/waymo-collision-report-june-15-2020-pdf.pdf
"Waymo July 9, 2020 (PDF)",Waymo,2020-07-09,2020,https://www.dmv.ca.gov/portal/file/waymo_070920-pdf/,waymo_070920-pdf,reports/2020/waymo_070920-pdf.pdf
"Zoox July 14, 2020 (PDF)",Zoox,2020-07-14,2020,https://www.dmv.ca.gov/portal/file/zoox_071420-pdf,zoox_071420-pdf,reports/2020/zoox_071420-pdf.pdf
"Cruise July 25, 2020 (PDF)",Cruise,2020-07-25,2020,https://www.dmv.ca.gov/portal/file/cruise_072520-pdf,cruise_072520-pdf,reports/2020/cruise_072520-pdf.pdf
"Cruise August 4, 2020 (PDF)",Cruise,2020-08-04,2020,https://www.dmv.ca.gov/portal/file/cruise_080420-pdf/,cruise_080420-pdf,reports/2020/cruise_080420-pdf.pdf
"Zoox August 6, 2020 (PDF)",Zoox,2020-08-06,2020,https://www.dmv.ca.gov/portal/file/zoox_080620-pdf/,zoox_080620-pdf,reports/2020/zoox_080620-pdf.pdf
"Cruise August 9, 2020 (PDF)",Cruise,2020-08-09,2020,https://www.dmv.ca.gov/portal/file/cruise_080920-pdf/,cruise_080920-pdf,reports/2020/cruise_080920-pdf.pdf
"Cruise August 15, 2020 (PDF)",Cruise,2020-08-15,2020,https://www.dmv.ca.gov/portal/file/cruise_081520-pdf,cruise_081520-pdf,reports/2020/cruise_081520-pdf.pdf
"Zoox August 20, 2020 (PDF)",Zoox,2020-08-20,2020,https://www.dmv.ca.gov/portal/file/zoox_082020-pdf,zoox_082020-pdf,reports/2020/zoox_082020-pdf.pdf
"Waymo September 5, 2020 (PDF)",Waymo,2020-09-05,2020,https://www.dmv.ca.gov/portal/file/waymo-collision-report-september-5-2020-pdf,waymo-collision-report-september-5-2020-pdf,reports/2020/waymo-collision-report-september-5-2020-pdf.pdf
"Cruise September 16, 2020 (PDF)",Cruise,2020-09-16,2020,https://www.dmv.ca.gov/portal/file/cruise_091620-pdf,cruise_091620-pdf,reports/2020/cruise_091620-pdf.pdf
"Zoox September 16, 2020 (PDF)",Zoox,2020-09-16,2020,https://www.dmv.ca.gov/portal/file/zoox_091620-pdf,zoox_091620-pdf,reports/2020/zoox_091620-pdf.pdf
"Zoox October 6, 2020 (PDF)",Zoox,2020-10-06,2020,https://www.dmv.ca.gov/portal/file/zoox_1006200-pdf,zoox_1006200-pdf,reports/2020/zoox_1006200-pdf.pdf
"Cruise October 9, 2020 (PDF)",Cruise,2020-10-09,2020,https://www.dmv.ca.gov/portal/file/cruise_100920-pdf,cruise_100920-pdf,reports/2020/cruise_100920-pdf.pdf
"Cruise October 24, 2020 (PDF)",Cruise,2020-10-24,2020,https://www.dmv.ca.gov/portal/file/cruise_102420-pdf,cruise_102420-pdf,reports/2020/cruise_102420-pdf.pdf
"Cruise October 25, 2020 (PDF)",Cruise,2020-10-25,2020,https://www.dmv.ca.gov/portal/file/cruise_102520-pdf,cruise_102520-pdf,reports/2020/cruise_102520-pdf.pdf
"Lyft December 2, 2020 (PDF)",Lyft,2020-12-02,2020,https://www.dmv.ca.gov/portal/file/lyft_120220-pdf/,lyft_120220-pdf,reports/2020/lyft_120220-pdf.pdf
"Waymo December 18, 2020 (PDF)",Waymo,2020-12-18,2020,https://www.dmv.ca.gov/portal/file/waymo_121820-pdf/,waymo_121820-pdf,reports/2020/waymo_121820-pdf.pdf
"Pony.ai December 19, 2020 (PDF)",Pony.ai,2020-12-19,2020,https://www.dmv.ca.gov/portal/file/pony-ai_121920-pdf,pony-ai_121920-pdf,reports/2020/pony-ai_121920-pdf.pdf
"Waymo December 29, 2020 (PDF)",Waymo,2020-12-29,2020,https://www.dmv.ca.gov/portal/file/waymo_122920-pdf/,waymo_122920-pdf,reports/2020/waymo_122920-pdf.pdf
"Cruise January 13, 2021 (PDF)",Cruise,2021-01-13,2021,https://www.dmv.ca.gov/portal/file/cruise_011321-pdf,cruise_011321-pdf,reports/2021/cruise_011321-pdf.pdf
"Waymo January 13, 2021 (PDF)",Waymo,2021-01-13,2021,https://www.dmv.ca.gov/portal/file/waymo_011321-pdf/,waymo_011321-pdf,reports/2021/waymo_011321-pdf.pdf
"Cruise January 21, 2021 (PDF)",Cruise,2021-01-21,2021,https://www.dmv.ca.gov/portal/file/cruise_012121-pdf,cruise_012121-pdf,reports/2021/cruise_012121-pdf.pdf
"Waymo January 22, 2021 (PDF)",Waymo,2021-01-22,2021,https://www.dmv.ca.gov/portal/file/waymo_012221-pdf/,waymo_012221-pdf,reports/2021/waymo_012221-pdf.pdf
"Cruise February 9, 2021 (PDF)",Cruise,2021-02-09,2021,https://www.dmv.ca.gov/portal/file/cruise_020921-pdf,cruise_020921-pdf,reports/2021/cruise_020921-pdf.pdf
"Pony.ai February 11, 2021 (PDF)",Pony.ai,2021-02-11,2021,https://www.dmv.ca.gov/portal/file/pony-ai_021121-pdf,pony-ai_021121-pdf,reports/2021/pony-ai_021121-pdf.pdf
"Zoox February 11, 2021 (PDF)",Zoox,2021-02-11,2021,https://www.dmv.ca.gov/portal/file/zoox_021121-pdf,zoox_021121-pdf,reports/2021/zoox_021121-pdf.pdf
"Waymo February 16, 2021 (PDF)",Waymo,2021-02-16,2021,https://www.dmv.ca.gov/portal/file/waymo_021621-pdf,waymo_021621-pdf,reports/2021/waymo_021621-pdf.pdf
"Waymo February 17, 2021 (PDF)",Waymo,2021-02-17,2021,https://www.dmv.ca.gov/portal/file/waymo_021721-pdf,waymo_021721-pdf,reports/2021/waymo_021721-pdf.pdf
"Cruise February 25, 2021 (PDF)",Cruise,2021-02-25,2021,https://www.dmv.ca.gov/portal/file/cruise_022521-pdf,cruise_022521-pdf,reports/2021/cruise_022521-pdf.pdf
"Waymo February 25, 2021 (1) (PDF)",Waymo,2021-02-25,2021,https://www.dmv.ca.gov/portal/file/waymo_022521_1-pdf,waymo_022521_1-pdf,reports/2021/waymo_022521_1-pdf.pdf
"Waymo February 25, 2021 (2) (PDF)",Waymo,2021-02-25,2021,https://www.dmv.ca.gov/portal/file/waymo_022521_2-pdf,waymo_022521_2-pdf,reports/2021/waymo_022521_2-pdf.pdf
"Waymo March 5, 2021 (PDF)",Waymo,2021-03-05,2021,https://www.dmv.ca.gov/portal/file/waymo_316_030521_redacted-pdf/,waymo_316_030521_redacted-pdf,reports/2021/waymo_316_030521_redacted-pdf.pdf
"Cruise March 9, 2021 (PDF)",Cruise,2021-03-09,2021,https://www.dmv.ca.gov/portal/file/cruise_030921-pdf/,cruise_030921-pdf,reports/2021/cruise_030921-pdf.pdf
"Cruise March 12, 2021 (PDF)",Cruise,2021-03-12,2021,https://www.dmv.ca.gov/portal/file/cruise_031221-pdf/,cruise_031221-pdf,reports/2021/cruise_031221-pdf.pdf
"Zoox March 18, 2021 (PDF)",Zoox,2021-03-18,2021,https://www.dmv.ca.gov/portal/file/zoox_031821-pdf,zoox_031821-pdf,reports/2021/zoox_031821-pdf.pdf
"Waymo March 19, 2021 (PDF)",Waymo,2021-03-19,2021,https://www.dmv.ca.gov/portal/file/waymo_031921-pdf,waymo_031921-pdf,reports/2021/waymo_031921-pdf.pdf
"Waymo March 24, 2021 (PDF)",Waymo,2021-03-24,2021,https://www.dmv.ca.gov/portal/file/waymo_032421-pdf/,waymo_032421-pdf,reports/2021/waymo_032421-pdf.pdf
"Cruise March 27, 2021 (PDF)",Cruise,2021-03-27,2021,https://www.dmv.ca.gov/portal/file/cruise_032721-pdf/,cruise_032721-pdf,reports/2021/cruise_032721-pdf.pdf
"Cruise March 29, 2021 (PDF)",Cruise,2021-03-29,2021,https://www.dmv.ca.gov/portal/file/cruise_032921-pdf/,cruise_032921-pdf,reports/2021/cruise_032921-pdf.pdf
"Cruise March 30, 2021 (PDF)",Cruise,2021-03-30,2021,https://www.dmv.ca.gov/portal/file/cruise_033021-pdf/,cruise_033021-pdf,reports/2021/cruise_033021-pdf.pdf
"Waymo March 30, 2021 (PDF)",Waymo,2021-03-30,2021,https://www.dmv.ca.gov/portal/file/waymo_033021-pdf/,waymo_033021-pdf,reports/2021/waymo_033021-pdf.pdf
"Waymo March 31, 2021 (PDF)",Waymo,2021-03-31,2021,https://www.dmv.ca.gov/portal/file/waymo_033121-pdf/,waymo_033121-pdf,reports/2021/waymo_033121-pdf.pdf
"Waymo April 4, 2021 (PDF)",Waymo,2021-04-04,2021,https://www.dmv.ca.gov/portal/file/waymo_040421-pdf/,waymo_040421-pdf,reports/2021/waymo_040421-pdf.pdf
"Lyft April 14, 2021 (PDF)",Lyft,2021-04-14,2021,https://www.dmv.ca.gov/portal/file/lyft_041421-pdf/,lyft_041421-pdf,reports/2021/lyft_041421-pdf.pdf
"Waymo April 17, 2021 (PDF)",Waymo,2021-04-17,2021,https://www.dmv.ca.gov/portal/file/waymo_041721-pdf/,waymo_041721-pdf,reports/2021/waymo_041721-pdf.pdf
"Waymo April 18, 2021 (PDF)",Waymo,2021-04-18,2021,https://www.dmv.ca.gov/portal/file/waymo_041821-pdf/,waymo_041821-pdf,reports/2021/waymo_041821-pdf.pdf
"Cruise April 21, 2021 (PDF)",Cruise,2021-04-21,2021,https://www.dmv.ca.gov/portal/file/cruise_042121-pdf/,cruise_042121-pdf,reports/2021/cruise_042121-pdf.pdf
"Cruise May 11, 2021 (PDF)",Cruise,2021-05-11,2021,https://www.dmv.ca.gov/portal/file/cruise_05112021-pdf/,cruise_05112021-pdf,reports/2021/cruise_05112021-pdf.pdf
"Zoox May 11, 2021 (PDF)",Zoox,2021-05-11,2021,https://www.dmv.ca.gov/portal/file/zoox_05112021-pdf/,zoox_05112021-pdf,reports/2021/zoox_05112021-pdf.pdf
"Cruise May 17, 2021 (PDF)",Cruise,2021-05-17,2021,https://www.dmv.ca.gov/portal/file/cruise_051721-pdf/,cruise_051721-pdf,reports/2021/cruise_051721-pdf.pdf
"Waymo May 23, 2021 (PDF)",Waymo,2021-05-23,2021,https://www.dmv.ca.gov/portal/file/waymo_ol316_052321_redacted-pdf/,waymo_ol316_052321_redacted-pdf,reports/2021/waymo_ol316_052321_redacted-pdf.pdf
"Cruise May 31, 2021 (PDF)",Cruise,2021-05-31,2021,https://www.dmv.ca.gov/portal/file/cruise_053121-pdf,cruise_053121-pdf,reports/2021/cruise_053121-pdf.pdf
"Waymo June 2, 2021 (1) (PDF)",Waymo,2021-06-02,2021,https://www.dmv.ca.gov/portal/file/waymo_060221-1-pdf,waymo_060221-1-pdf,reports/2021/waymo_060221-1-pdf.pdf
"Waymo June 2, 2021 (2) (PDF)",Waymo,2021-06-02,2021,https://www.dmv.ca.gov/portal/file/waymo_060221-2-pdf,waymo_060221-2-pdf,reports/2021/waymo_060221-2-pdf.pdf
"Waymo June 3, 2021 (PDF)",Waymo,2021-06-03,2021,https://www.dmv.ca.gov/portal/file/waymo_060321-pdf,waymo_060321-pdf,reports/2021/waymo_060321-pdf.pdf
"Waymo June 4, 2021 (PDF)",Waymo,2021-06-04,2021,https://www.dmv.ca.gov/portal/file/waymo_060421-pdf,waymo_060421-pdf,reports/2021/waymo_060421-pdf.pdf
"Waymo June 11, 2021 (PDF)",Waymo,2021-06-11,2021,https://www.dmv.ca.gov/portal/file/waymo_061121-pdf/,waymo_061121-pdf,reports/2021/waymo_061121-pdf.pdf
"Waymo June 16, 2021 (PDF)",Waymo,2021-06-16,2021,https://www.dmv.ca.gov/portal/file/waymo_061621-pdf/,waymo_061621-pdf,reports/2021/waymo_061621-pdf.pdf
"Waymo June 25, 2021 (PDF)",Waymo,2021-06-25,2021,https://www.dmv.ca.gov/portal/file/waymo_062521-pdf/,waymo_062521-pdf,reports/2021/waymo_062521-pdf.pdf
"Waymo June 26, 2021 (PDF)",Waymo,2021-06-26,2021,https://www.dmv.ca.gov/portal/file/waymo_062621-pdf/,waymo_062621-pdf,reports/2021/waymo_062621-pdf.pdf
"WeRide Corp June 29, 2021 (PDF)",WeRide Corp,2021-06-29,2021,https://www.dmv.ca.gov/portal/file/weride_062921-pdf,weride_062921-pdf,reports/2021/weride_062921-pdf.pdf
"Argo AI July 1, 2021 (PDF)",Argo AI,2021-07-01,2021,https://www.dmv.ca.gov/portal/file/argo_070121-pdf,argo_070121-pdf,reports/2021/argo_070121-pdf.pdf
"Cruise July 1, 2021 (PDF)",Cruise,2021-07-01,2021,https://www.dmv.ca.gov/portal/file/cruise_070121-pdf,cruise_070121-pdf,reports/2021/cruise_070121-pdf.pdf
"Argo AI July 8, 2021 (PDF)",Argo AI,2021-07-08,2021,https://www.dmv.ca.gov/portal/file/argo_070821-pdf/,argo_070821-pdf,reports/2021/argo_070821-pdf.pdf
"Waymo July 9, 2021",Waymo,2021-07-09,2021,https://www.dmv.ca.gov/portal/file/waymo_070921/,waymo_070921,reports/2021/waymo_070921.pdf
"Cruise July 10, 2021 (PDF)",Cruise,2021-07-10,2021,https://www.dmv.ca.gov/portal/file/cruise_071021-pdf,cruise_071021-pdf,reports/2021/cruise_071021-pdf.pdf
"Waymo July 12, 2021 (PDF)",Waymo,2021-07-12,2021,https://www.dmv.ca.gov/portal/file/waymo_071221-pdf,waymo_071221-pdf,reports/2021/waymo_071221-pdf.pdf
"Zoox July 13, 2021 (PDF)",Zoox,2021-07-13,2021,https://www.dmv.ca.gov/portal/file/zoox_071321-pdf/,zoox_071321-pdf,reports/2021/zoox_071321-pdf.pdf
"Waymo July 14, 2021 (PDF)",Waymo,2021-07-14,2021,https://www.dmv.ca.gov/portal/file/waymo_071421-pdf,waymo_071421-pdf,reports/2021/waymo_071421-pdf.pdf
"Cruise July 15, 2021 (PDF)",Cruise,2021-07-15,2021,https://www.dmv.ca.gov/portal/file/cruise_071521-pdf,cruise_071521-pdf,reports/2021/cruise_071521-pdf.pdf
"WeRide Corp July 16, 2021 (PDF)",WeRide Corp,2021-07-16,2021,https://www.dmv.ca.gov/portal/file/weride_071621-pdf,weride_071621-pdf,reports/2021/weride_071621-pdf.pdf
"Cruise July 26, 2021 (PDF)",Cruise,2021-07-26,2021,https://www.dmv.ca.gov/portal/file/cruise_072621_redacted-pdf/,cruise_072621_redacted-pdf,reports/2021/cruise_072621_redacted-pdf.pdf
"Waymo August 1, 2021 (PDF)",Waymo,2021-08-01,2021,https://www.dmv.ca.gov/portal/file/waymo_080121-pdf/,waymo_080121-pdf,reports/2021/waymo_080121-pdf.pdf
"Cruise August 2, 2021 (PDF)",Cruise,2021-08-02,2021,https://www.dmv.ca.gov/portal/file/cruise_080221-pdf/,cruise_080221-pdf,reports/2021/cruise_080221-pdf.pdf
"Waymo August 5, 2021 (PDF)",Waymo,2021-08-05,2021,https://www.dmv.ca.gov/portal/file/waymo_080521-pdf,waymo_080521-pdf,reports/2021/waymo_080521-pdf.pdf
"Waymo August 13, 2021 (PDF)",Waymo,2021-08-13,2021,https://www.dmv.ca.gov/portal/file/waymo_081321-pdf/,waymo_081321-pdf,reports/2021/waymo_081321-pdf.pdf
"Waymo August 14, 2021 (PDF)",Waymo,2021-08-14,2021,https://www.dmv.ca.gov/portal/file/waymo_081421-pdf/,waymo_081421-pdf,reports/2021/waymo_081421-pdf.pdf
"Apple August 19, 2021 (PDF)",Apple,2021-08-19,2021,https://www.dmv.ca.gov/portal/file/apple_081921-pdf,apple_081921-pdf,reports/2021/apple_081921-pdf.pdf
"Waymo August 21, 2021 (PDF)",Waymo,2021-08-21,2021,https://www.dmv.ca.gov/portal/file/waymo_082121-pdf/,waymo_082121-pdf,reports/2021/waymo_082121-pdf.pdf
"Apple August 23, 2021 (PDF)",Apple,2021-08-23,2021,https://www.dmv.ca.gov/portal/file/apple_082321-pdf,apple_082321-pdf,reports/2021/apple_082321-pdf.pdf
"Waymo August 27, 2021",Waymo,2021-08-27,2021,https://www.dmv.ca.gov/portal/file/waymo_082721/,waymo_082721,reports/2021/waymo_082721.pdf
"Cruise August 28, 2021",Cruise,2021-08-28,2021,https://www.dmv.ca.gov/portal/file/cruise_082821/,cruise_082821,reports/2021/cruise_082821.pdf
"Cruise August 30, 2021",Cruise,2021-08-30,2021,https://www.dmv.ca.gov/portal/file/cruise_083021/,cruise_083021,reports/2021/cruise_083021.pdf
"Waymo August 31, 2021 (1) (PDF)",Waymo,2021-08-31,2021,https://www.dmv.ca.gov/portal/file/waymo_083121_1-pdf,waymo_083121_1-pdf,reports/2021/waymo_083121_1-pdf.pdf
"Waymo August 31, 2021 (2) (PDF)",Waymo,2021-08-31,2021,https://www.dmv.ca.gov/portal/file/waymo_083121_2-pdf/,waymo_083121_2-pdf,reports/2021/waymo_083121_2-pdf.pdf
"Waymo September 2, 2021 (PDF)",Waymo,2021-09-02,2021,https://www.dmv.ca.gov/portal/file/waymo_090221-pdf/,waymo_090221-pdf,reports/2021/waymo_090221-pdf.pdf
"Zoox September 2, 2021 (PDF)",Zoox,2021-09-02,2021,https://www.dmv.ca.gov/portal/file/zoox_090221-pdf/,zoox_090221-pdf,reports/2021/zoox_090221-pdf.pdf
"Waymo September 16, 2021 (PDF)",Waymo,2021-09-16,2021,https://www.dmv.ca.gov/portal/file/waymo_091621-pdf/,waymo_091621-pdf,reports/2021/waymo_091621-pdf.pdf
"Waymo September 17, 2021 (1) (PDF)",Waymo,2021-09-17,2021,https://www.dmv.ca.gov/portal/file/waymo_091721_1-pdf/,waymo_091721_1-pdf,reports/2021/waymo_091721_1-pdf.pdf
"Waymo September 17, 2021 (2) (PDF)",Waymo,2021-09-17,2021,https://www.dmv.ca.gov/portal/file/waymo_091721_2-pdf/,waymo_091721_2-pdf,reports/2021/waymo_091721_2-pdf.pdf
"Zoox September 21, 2021 (PDF)",Zoox,2021-09-21,2021,https://www.dmv.ca.gov/portal/file/zoox_092121-pdf/,zoox_092121-pdf,reports/2021/zoox_092121-pdf.pdf
"Waymo September 22, 2021 (PDF)",Waymo,2021-09-22,2021,https://www.dmv.ca.gov/portal/file/waymo_092221-pdf/,waymo_092221-pdf,reports/2021/waymo_092221-pdf.pdf
"Cruise September 25, 2021 (PDF)",Cruise,2021-09-25,2021,https://www.dmv.ca.gov/portal/file/cruise_092521-pdf/,cruise_092521-pdf,reports/2021/cruise_092521-pdf.pdf
"Apple September 27, 2021 (PDF)",Apple,2021-09-27,2021,https://www.dmv.ca.gov/portal/file/apple_09272021-pdf/,apple_09272021-pdf,reports/2021/apple_09272021-pdf.pdf
"Waymo October 1, 2021 (PDF)",Waymo,2021-10-01,2021,https://www.dmv.ca.gov/portal/file/waymo_100121-pdf,waymo_100121-pdf,reports/2021/waymo_100121-pdf.pdf
"Cruise October 2, 2021 (PDF)",Cruise,2021-10-02,2021,https://www.dmv.ca.gov/portal/file/cruise_100221-pdf,cruise_100221-pdf,reports/2021/cruise_100221-pdf.pdf
"Waymo October 7, 2021",Waymo,2021-10-07,2021,https://www.dmv.ca.gov/portal/file/waymo_10072_redacted/,waymo_10072_redacted,reports/2021/waymo_10072_redacted.pdf
"Waymo October 8, 2021 (1)",Waymo,2021-10-08,2021,https://www.dmv.ca.gov/portal/file/waymo_100821_redacted_01/,waymo_100821_redacted_01,reports/2021/waymo_100821_redacted_01.pdf
"Waymo October 8, 2021 (2)",Waymo,2021-10-08,2021,https://www.dmv.ca.gov/portal/file/waymo_100821_redacted_02/,waymo_100821_redacted_02,reports/2021/waymo_100821_redacted_02.pdf
"Waymo October 18, 2021 (PDF)",Waymo,2021-10-18,2021,https://www.dmv.ca.gov/portal/file/waymo_101821-pdf/,waymo_101821-pdf,reports/2021/waymo_101821-pdf.pdf
"Argo AI October 19, 2021 (PDF)",Argo AI,2021-10-19,2021,https://www.dmv.ca.gov/portal/file/argo_101921-pdf/,argo_101921-pdf,reports/2021/argo_101921-pdf.pdf
"Waymo October 19, 2021 (PDF)",Waymo,2021-10-19,2021,https://www.dmv.ca.gov/portal/file/waymo_101921-pdf/,waymo_101921-pdf,reports/2021/waymo_101921-pdf.pdf
"Waymo October 21, 2021 (PDF)",Waymo,2021-10-21,2021,https://www.dmv.ca.gov/portal/file/waymo_102121-pdf/,waymo_102121-pdf,reports/2021/waymo_102121-pdf.pdf
"Zoox October 21, 2021 (PDF)",Zoox,2021-10-21,2021,https://www.dmv.ca.gov/portal/file/zoox_102121-pdf/,zoox_102121-pdf,reports/2021/zoox_102121-pdf.pdf
"Waymo October 27, 2021 (PDF)",Waymo,2021-10-27,2021,https://www.dmv.ca.gov/portal/file/waymo_102721-pdf/,waymo_102721-pdf,reports/2021/waymo_102721-pdf.pdf
"Pony.ai October 28, 2021 (PDF)",Pony.ai,2021-10-28,2021,https://www.dmv.ca.gov/portal/file/pony-ai_102821-pdf/,pony-ai_102821-pdf,reports/2021/pony-ai_102821-pdf.pdf
"Waymo October 28, 2021 (PDF)",Waymo,2021-10-28,2021,https://www.dmv.ca.gov/portal/file/waymo_102821-pdf/,waymo_102821-pdf,reports/2021/waymo_102821-pdf.pdf
"WeRide Corp November 3, 2021 (PDF)",WeRide Corp,2021-11-03,2021,https://www.dmv.ca.gov/portal/file/weride_110321-pdf/,weride_110321-pdf,reports/2021/weride_110321-pdf.pdf
"Zoox November 3, 2021 (PDF)",Zoox,2021-11-03,2021,https://www.dmv.ca.gov/portal/file/zoox_110321-pdf/,zoox_110321-pdf,reports/2021/zoox_110321-pdf.pdf
"Waymo November 4, 2021 (PDF)",Waymo,2021-11-04,2021,https://www.dmv.ca.gov/portal/file/waymo_110421-pdf/,waymo_110421-pdf,reports/2021/waymo_110421-pdf.pdf
"Waymo November 6, 2021 (1) (PDF)",Waymo,2021-11-06,2021,https://www.dmv.ca.gov/portal/file/waymo_110621_1-pdf/,waymo_110621_1-pdf,reports/2021/waymo_110621_1-pdf.pdf
"Waymo November 6, 2021 (2) (PDF)",Waymo,2021-11-06,2021,https://www.dmv.ca.gov/portal/file/waymo_110621_2-pdf/,waymo_110621_2-pdf,reports/2021/waymo_110621_2-pdf.pdf
"Apple November 11, 2021 (PDF)",Apple,2021-11-11,2021,https://www.dmv.ca.gov/portal/file/apple_111121-pdf/,apple_111121-pdf,reports/2021/apple_111121-pdf.pdf
"Waymo November 12, 2021 (PDF)",Waymo,2021-11-12,2021,https://www.dmv.ca.gov/portal/file/waymo_111221-pdf/,waymo_111221-pdf,reports/2021/waymo_111221-pdf.pdf
"Cruise November 13, 2021 (PDF)",Cruise,2021-11-13,2021,https://www.dmv.ca.gov/portal/file/cruise_111321-pdf/,cruise_111321-pdf,reports/2021/cruise_111321-pdf.pdf
"Cruise November 14, 2021 (PDF)",Cruise,2021-11-14,2021,https://www.dmv.ca.gov/portal/file/cruise_111421-pdf/,cruise_111421-pdf,reports/2021/cruise_111421-pdf.pdf
"Cruise November 15, 2021 (PDF)",Cruise,2021-11-15,2021,https://www.dmv.ca.gov/portal/file/cruise_111521-pdf/,cruise_111521-pdf,reports/2021/cruise_111521-pdf.pdf
"Waymo November 15, 2021 (PDF)",Waymo,2021-11-15,2021,https://www.dmv.ca.gov/portal/file/waymo_111521-pdf/,waymo_111521-pdf,reports/2021/waymo_111521-pdf.pdf
"Waymo November 20, 2021 (PDF)",Waymo,2021-11-20,2021,https://www.dmv.ca.gov/portal/file/waymo_112021-pdf/,waymo_112021-pdf,reports/2021/waymo_112021-pdf.pdf
"Cruise November 21, 2021 (PDF)",Cruise,2021-11-21,2021,https://www.dmv.ca.gov/portal/file/cruise_112121-pdf/,cruise_112121-pdf,reports/2021/cruise_112121-pdf.pdf
"Waymo November 25, 2021 (PDF)",Waymo,2021-11-25,2021,https://www.dmv.ca.gov/portal/file/waymo_112521-pdf/,waymo_112521-pdf,reports/2021/waymo_112521-pdf.pdf
"Waymo November 26, 2021 (PDF)",Waymo,2021-11-26,2021,https://www.dmv.ca.gov/portal/file/waymo_112621-pdf/,waymo_112621-pdf,reports/2021/waymo_112621-pdf.pdf
"Waymo November 28, 2021 (PDF)",Waymo,2021-11-28,2021,https://www.dmv.ca.gov/portal/file/waymo_112821-pdf/,waymo_112821-pdf,reports/2021/waymo_112821-pdf.pdf
"Waymo November 30, 2021 (PDF)",Waymo,2021-11-30,2021,https://www.dmv.ca.gov/portal/file/waymo_113021-pdf/,waymo_113021-pdf,reports/2021/waymo_113021-pdf.pdf
"Cruise December 1, 2021 (1) (PDF)",Cruise,2021-12-01,2021,https://www.dmv.ca.gov/portal/file/cruise_12012021-pdf/,cruise_12012021-pdf,reports/2021/cruise_12012021-pdf.pdf
"Cruise December 1, 2021 (2) (PDF)",Cruise,2021-12-01,2021,https://www.dmv.ca.gov/portal/file/cruise_12012021_02-pdf/,cruise_12012021_02-pdf,reports/2021/cruise_12012021_02-pdf.pdf
"Waymo December 3, 2021 (PDF)",Waymo,2021-12-03,2021,https://www.dmv.ca.gov/portal/file/waymo_120321-pdf/,waymo_120321-pdf,reports/2021/waymo_120321-pdf.pdf
"Waymo December 4, 2021 (PDF)",Waymo,2021-12-04,2021,https://www.dmv.ca.gov/portal/file/waymo_120421-pdf/,waymo_120421-pdf,reports/2021/waymo_120421-pdf.pdf
"Apple December 6, 2021 (PDF)",Apple,2021-12-06,2021,https://www.dmv.ca.gov/portal/file/apple_120621-pdf/,apple_120621-pdf,reports/2021/apple_120621-pdf.pdf
"Waymo December 7, 2021 (PDF)",Waymo,2021-12-07,2021,https://www.dmv.ca.gov/portal/file/waymo_120721-pdf/,waymo_120721-pdf,reports/2021/waymo_120721-pdf.pdf
"Zoox December 8, 2021 (PDF)",Zoox,2021-12-08,2021,https://www.dmv.ca.gov/portal/file/zoox_12082021-pdf/,zoox_12082021-pdf,reports/2021/zoox_12082021-pdf.pdf
"Cruise December 11, 2021 (PDF)",Cruise,2021-12-11,2021,https://www.dmv.ca.gov/portal/file/cruise_12112021-pdf/,cruise_12112021-pdf,reports/2021/cruise_12112021-pdf.pdf
"Waymo December 11, 2021 (PDF)",Waymo,2021-12-11,2021,https://www.dmv.ca.gov/portal/file/waymo_12112021-pdf/,waymo_12112021-pdf,reports/2021/waymo_12112021-pdf.pdf
"Waymo December 19, 2021 (PDF)",Waymo,2021-12-19,2021,https://www.dmv.ca.gov/portal/file/waymo_121921-pdf/,waymo_121921-pdf,reports/2021/waymo_121921-pdf.pdf
"Waymo December 22, 2021 (PDF)",Waymo,2021-12-22,2021,https://www.dmv.ca.gov/portal/file/waymo_122221-pdf/,waymo_122221-pdf,reports/2021/waymo_122221-pdf.pdf
"Cruise December 26, 2021 (PDF)",Cruise,2021-12-26,2021,https://www.dmv.ca.gov/portal/file/cruise_122621-pdf/,cruise_122621-pdf,reports/2021/cruise_122621-pdf.pdf
"Waymo January 1, 2022 (PDF)",Waymo,2022-01-01,2022,https://www.dmv.ca.gov/portal/file/waymo_010122-pdf/,waymo_010122-pdf,reports/2022/waymo_010122-pdf.pdf
"Waymo January 3, 2022 (PDF)",Waymo,2022-01-03,2022,https://www.dmv.ca.gov/portal/file/waymo_010322-pdf/,waymo_010322-pdf,reports/2022/waymo_010322-pdf.pdf
"Zoox January 4, 2022 (PDF)",Zoox,2022-01-04,2022,https://www.dmv.ca.gov/portal/file/zoox_010422-pdf/,zoox_010422-pdf,reports/2022/zoox_010422-pdf.pdf
"Waymo January 6, 2022 (PDF)",Waymo,2022-01-06,2022,https://www.dmv.ca.gov/portal/file/waymo_010622-pdf/,waymo_010622-pdf,reports/2022/waymo_010622-pdf.pdf
"Zoox January 11, 2022 (PDF)",Zoox,2022-01-11,2022,https://www.dmv.ca.gov/portal/file/zoox_011122-pdf/,zoox_011122-pdf,reports/2022/zoox_011122-pdf.pdf
"Zoox January 16, 2022 (PDF)",Zoox,2022-01-16,2022,https://www.dmv.ca.gov/portal/file/zoox_011622-pdf/,zoox_011622-pdf,reports/2022/zoox_011622-pdf.pdf
"Waymo January 18, 2022 (PDF)",Waymo,2022-01-18,2022,https://www.dmv.ca.gov/portal/file/waymo_011822-pdf/,waymo_011822-pdf,reports/2022/waymo_011822-pdf.pdf
"Waymo January 20, 2022 (1) (PDF)",Waymo,2022-01-20,2022,https://www.dmv.ca.gov/portal/file/waymo_012022-pdf/,waymo_012022-pdf,reports/2022/waymo_012022-pdf.pdf
"Waymo January 20, 2022 (2) (PDF) (PDF)",Waymo,2022-01-20,2022,https://www.dmv.ca.gov/portal/file/waymo_012022-pdf-2/,waymo_012022-pdf-2,reports/2022/waymo_012022-pdf-2.pdf
"Waymo January 22, 2022 (PDF)",Waymo,2022-01-22,2022,https://www.dmv.ca.gov/portal/file/waymo_012222-pdf/,waymo_012222-pdf,reports/2022/waymo_012222-pdf.pdf
"Cruise January 26, 2022 (PDF)",Cruise,2022-01-26,2022,https://www.dmv.ca.gov/portal/file/cruise_012622-pdf/,cruise_012622-pdf,reports/2022/cruise_012622-pdf.pdf
"Waymo January 28, 2022 (1) (PDF)",Waymo,2022-01-28,2022,https://www.dmv.ca.gov/portal/file/waymo_012822_1-pdf/,waymo_012822_1-pdf,reports/2022/waymo_012822_1-pdf.pdf
"Waymo January 28, 2022 (2) (PDF)",Waymo,2022-01-28,2022,https://www.dmv.ca.gov/portal/file/waymo_012822_2-pdf/,waymo_012822_2-pdf,reports/2022/waymo_012822_2-pdf.pdf
"Cruise January 29, 2022 (PDF)",Cruise,2022-01-29,2022,https://www.dmv.ca.gov/portal/file/cruise_012922-pdf/,cruise_012922-pdf,reports/2022/cruise_012922-pdf.pdf
"Waymo February 1, 2022 (PDF)",Waymo,2022-02-01,2022,https://www.dmv.ca.gov/portal/file/waymo_020122-pdf/,waymo_020122-pdf,reports/2022/waymo_020122-pdf.pdf
"Waymo February 4, 2022 (PDF)",Waymo,2022-02-04,2022,https://www.dmv.ca.gov/portal/file/waymo_020422-pdf/,waymo_020422-pdf,reports/2022/waymo_020422-pdf.pdf
"Zoox February 5, 2022 (PDF)",Zoox,2022-02-05,2022,https://www.dmv.ca.gov/portal/file/zoox_020522-pdf/,zoox_020522-pdf,reports/2022/zoox_020522-pdf.pdf
"Waymo February 6, 2022 (PDF)",Waymo,2022-02-06,2022,https://www.dmv.ca.gov/portal/file/waymo_020622-pdf/,waymo_020622-pdf,reports/2022/waymo_020622-pdf.pdf
"Zoox February 6, 2022 (PDF)",Zoox,2022-02-06,2022,https://www.dmv.ca.gov/portal/file/zoox_020622-pdf/,zoox_020622-pdf,reports/2022/zoox_020622-pdf.pdf
Waymo February 8 2022 (PDF),Waymo,2022-02-08,2022,https://www.dmv.ca.gov/portal/file/waymo_020822-pdf/,waymo_020822-pdf,reports/2022/waymo_020822-pdf.pdf
"Waymo February 9, 2022 (1) (PDF)",Waymo,2022-02-09,2022,https://www.dmv.ca.gov/portal/file/waymo_020922_1-pdf/,waymo_020922_1-pdf,reports/2022/waymo_020922_1-pdf.pdf
"Waymo February 9, 2022 (2) (PDF)",Waymo,2022-02-09,2022,https://www.dmv.ca.gov/portal/file/waymo_020922_2-pdf/,waymo_020922_2-pdf,reports/2022/waymo_020922_2-pdf.pdf
"Waymo February 10, 2022 (PDF)",Waymo,2022-02-10,2022,https://www.dmv.ca.gov/portal/file/waymo_021022-pdf/,waymo_021022-pdf,reports/2022/waymo_021022-pdf.pdf
"Cruise February 11, 2022 (PDF)",Cruise,2022-02-11,2022,https://www.dmv.ca.gov/portal/file/cruise_021122-pdf/,cruise_021122-pdf,reports/2022/cruise_021122-pdf.pdf
"Waymo February 11, 2022 (1) (PDF)",Waymo,2022-02-11,2022,https://www.dmv.ca.gov/portal/file/waymo_021122_1-pdf/,waymo_021122_1-pdf,reports/2022/waymo_021122_1-pdf.pdf
"Waymo February 11, 2022 (2) (PDF)",Waymo,2022-02-11,2022,https://www.dmv.ca.gov/portal/file/waymo_021122_2-pdf/,waymo_021122_2-pdf,reports/2022/waymo_021122_2-pdf.pdf
"Waymo February 14, 2022 (PDF)",Waymo,2022-02-14,2022,https://www.dmv.ca.gov/portal/file/waymo_021422-pdf/,waymo_021422-pdf,reports/2022/waymo_021422-pdf.pdf
"Apple February 17, 2022 (PDF)",Apple,2022-02-17,2022,https://www.dmv.ca.gov/portal/file/apple_021722-pdf/,apple_021722-pdf,reports/2022/apple_021722-pdf.pdf
"Cruise February 19, 2022 (PDF)",Cruise,2022-02-19,2022,https://www.dmv.ca.gov/portal/file/cruise_021922-pdf/,cruise_021922-pdf,reports/2022/cruise_021922-pdf.pdf
"Waymo February 19, 2022 (PDF)",Waymo,2022-02-19,2022,https://www.dmv.ca.gov/portal/file/waymo_021922-pdf/,waymo_021922-pdf,reports/2022/waymo_021922-pdf.pdf
"Apple February 22, 2022 (PDF)",Apple,2022-02-22,2022,https://www.dmv.ca.gov/portal/file/apple_022222-pdf/,apple_022222-pdf,reports/2022/apple_022222-pdf.pdf
"Waymo February 28, 2022 (1) (PDF)",Waymo,2022-02-28,2022,https://www.dmv.ca.gov/portal/file/waymo_022822_1-pdf/,waymo_022822_1-pdf,reports/2022/waymo_022822_1-pdf.pdf
"Waymo February 28, 2022 (2) (PDF)",Waymo,2022-02-28,2022,https://www.dmv.ca.gov/portal/file/waymo_022822_2-pdf/,waymo_022822_2-pdf,reports/2022/waymo_022822_2-pdf.pdf
"Waymo March 6, 2022 (PDF)",Waymo,2022-03-06,2022,https://www.dmv.ca.gov/portal/file/waymo_030622-pdf/,waymo_030622-pdf,reports/2022/waymo_030622-pdf.pdf
"Waymo March 7, 2022 (PDF)",Waymo,2022-03-07,2022,https://www.dmv.ca.gov/portal/file/waymo_030722-pdf/,waymo_030722-pdf,reports/2022/waymo_030722-pdf.pdf
"Waymo March 9, 2022 (PDF)",Waymo,2022-03-09,2022,https://www.dmv.ca.gov/portal/file/waymo_030922-pdf/,waymo_030922-pdf,reports/2022/waymo_030922-pdf.pdf
"Waymo March 11, 2022 (PDF)",Waymo,2022-03-11,2022,https://www.dmv.ca.gov/portal/file/waymo_031122-pdf/,waymo_031122-pdf,reports/2022/waymo_031122-pdf.pdf
"Apple March 15, 2022 (PDF)",Apple,2022-03-15,2022,https://www.dmv.ca.gov/portal/file/apple_031522-pdf/,apple_031522-pdf,reports/2022/apple_031522-pdf.pdf
"Cruise March 15, 2022 (PDF)",Cruise,2022-03-15,2022,https://www.dmv.ca.gov/portal/file/cruise_031522-pdf/,cruise_031522-pdf,reports/2022/cruise_031522-pdf.pdf
"Zoox March 22, 2022 (PDF)",Zoox,2022-03-22,2022,https://www.dmv.ca.gov/portal/file/zoox_032222-pdf,zoox_032222-pdf,reports/2022/zoox_032222-pdf.pdf
"Cruise March 24, 2022 (PDF)",Cruise,2022-03-24,2022,https://www.dmv.ca.gov/portal/file/cruise032422-pdf/,cruise032422-pdf,reports/2022/cruise032422-pdf.pdf
"Cruise March 26, 2022 (PDF)",Cruise,2022-03-26,2022,https://www.dmv.ca.gov/portal/file/cruise_032622-pdf/,cruise_032622-pdf,reports/2022/cruise_032622-pdf.pdf
"Waymo March 26, 2022 (PDF)",Waymo,2022-03-26,2022,https://www.dmv.ca.gov/portal/file/waymo_032622-pdf,waymo_032622-pdf,reports/2022/waymo_032622-pdf.pdf
"Pony.ai March 28, 2022 (PDF)",Pony.ai,2022-03-28,2022,https://www.dmv.ca.gov/portal/file/pony-ai_032822-pdf,pony-ai_032822-pdf,reports/2022/pony-ai_032822-pdf.pdf
"Cruise March 29, 2022 (PDF)",Cruise,2022-03-29,2022,https://www.dmv.ca.gov/portal/file/cruise_032922-pdf,cruise_032922-pdf,reports/2022/cruise_032922-pdf.pdf
"Zoox March 29, 2022 (PDF)",Zoox,2022-03-29,2022,https://www.dmv.ca.gov/portal/file/zoox_032922-pdf,zoox_032922-pdf,reports/2022/zoox_032922-pdf.pdf
"Waymo March 31, 2022 (PDF)",Waymo,2022-03-31,2022,https://www.dmv.ca.gov/portal/file/waymo_033122-pdf,waymo_033122-pdf,reports/2022/waymo_033122-pdf.pdf
"Cruise April 1, 2022 (PDF)",Cruise,2022-04-01,2022,https://www.dmv.ca.gov/portal/file/cruise_040122-pdf,cruise_040122-pdf,reports/2022/cruise_040122-pdf.pdf
"Waymo April 1, 2022 (PDF)",Waymo,2022-04-01,2022,https://www.dmv.ca.gov/portal/file/waymo_040122-pdf,waymo_040122-pdf,reports/2022/waymo_040122-pdf.pdf
"Waymo April 5, 2022 (PDF)",Waymo,2022-04-05,2022,https://www.dmv.ca.gov/portal/file/waymo_040522-pdf/,waymo_040522-pdf,reports/2022/waymo_040522-pdf.pdf
"Zoox April 6, 2022 (PDF)",Zoox,2022-04-06,2022,https://www.dmv.ca.gov/portal/file/zoox_040622-pdf/,zoox_040622-pdf,reports/2022/zoox_040622-pdf.pdf
"Waymo April 8, 2022 (PDF)",Waymo,2022-04-08,2022,https://www.dmv.ca.gov/portal/file/waymo_040822-pdf/,waymo_040822-pdf,reports/2022/waymo_040822-pdf.pdf
"Cruise April 9, 2022 (PDF)",Cruise,2022-04-09,2022,https://www.dmv.ca.gov/portal/file/cruise_040922-pdf/,cruise_040922-pdf,reports/2022/cruise_040922-pdf.pdf
"Pony.ai April 11, 2022 (PDF)",Pony.ai,2022-04-11,2022,https://www.dmv.ca.gov/portal/file/pony-ai_041122-pdf/,pony-ai_041122-pdf,reports/2022/pony-ai_041122-pdf.pdf
"Waymo April 11, 2022 (PDF)",Waymo,2022-04-11,2022,https://www.dmv.ca.gov/portal/file/waymo_041122-pdf/,waymo_041122-pdf,reports/2022/waymo_041122-pdf.pdf
"Waymo April 13, 2022 (PDF)",Waymo,2022-04-13,2022,https://www.dmv.ca.gov/portal/file/waymo_041322-pdf/,waymo_041322-pdf,reports/2022/waymo_041322-pdf.pdf
"Cruise April 16, 2022 (PDF)",Cruise,2022-04-16,2022,https://www.dmv.ca.gov/portal/file/cruise_041622-pdf/,cruise_041622-pdf,reports/2022/cruise_041622-pdf.pdf
"Cruise April 17, 2022 (PDF)",Cruise,2022-04-17,2022,https://www.dmv.ca.gov/portal/file/cruise_041722-pdf/,cruise_041722-pdf,reports/2022/cruise_041722-pdf.pdf
"Waymo April 18, 2022 (1) (PDF)",Waymo,2022-04-18,2022,https://www.dmv.ca.gov/portal/file/waymo_041822_1-pdf,waymo_041822_1-pdf,reports/2022/waymo_041822_1-pdf.pdf
"Waymo April 18, 2022 (2) (PDF)",Waymo,2022-04-18,2022,https://www.dmv.ca.gov/portal/file/waymo_041822_2-pdf,waymo_041822_2-pdf,reports/2022/waymo_041822_2-pdf.pdf
"Zoox April 22, 2022 (PDF)",Zoox,2022-04-22,2022,https://www.dmv.ca.gov/portal/file/zoo_042222-pdf/,zoo_042222-pdf,reports/2022/zoo_042222-pdf.pdf
"Cruise April 24, 2022 (PDF)",Cruise,2022-04-24,2022,https://www.dmv.ca.gov/portal/file/cruise_ol316_042422-pdf/,cruise_ol316_042422-pdf,reports/2022/cruise_ol316_042422-pdf.pdf
"Waymo April 24, 2022 (PDF)",Waymo,2022-04-24,2022,https://www.dmv.ca.gov/portal/file/waymo_ol316_042422-pdf/,waymo_ol316_042422-pdf,reports/2022/waymo_ol316_042422-pdf.pdf
"Cruise April 25, 2022 (PDF)",Cruise,2022-04-25,2022,https://www.dmv.ca.gov/portal/file/cruise_ol316_042522-pdf/,cruise_ol316_042522-pdf,reports/2022/cruise_ol316_042522-pdf.pdf
"Waymo April 26, 2022 (PDF)",Waymo,2022-04-26,2022,https://www.dmv.ca.gov/portal/file/waymo_ol316_042622-pdf/,waymo_ol316_042622-pdf,reports/2022/waymo_ol316_042622-pdf.pdf
"Zoox April 28, 2022 (PDF)",Zoox,2022-04-28,2022,https://www.dmv.ca.gov/portal/file/zoox_042822-pdf/,zoox_042822-pdf,reports/2022/zoox_042822-pdf.pdf
"Waymo April 29, 2022 (PDF)",Waymo,2022-04-29,2022,https://www.dmv.ca.gov/portal/file/waymo_ol316_042922-pdf/,waymo_ol316_042922-pdf,reports/2022/waymo_ol316_042922-pdf.pdf
"Waymo April 30, 2022 (PDF)",Waymo,2022-04-30,2022,https://www.dmv.ca.gov/portal/file/waymo_043022-pdf/,waymo_043022-pdf,reports/2022/waymo_043022-pdf.pdf
"Waymo May 4, 2022 (PDF)",Waymo,2022-05-04,2022,https://www.dmv.ca.gov/portal/file/waymo_050422-pdf/,waymo_050422-pdf,reports/2022/waymo_050422-pdf.pdf
"Waymo May 11, 2022 (PDF)",Waymo,2022-05-11,2022,https://www.dmv.ca.gov/portal/file/waymo_051122-pdf/,waymo_051122-pdf,reports/2022/waymo_051122-pdf.pdf
"Cruise May 13, 2022 (PDF)",Cruise,2022-05-13,2022,https://www.dmv.ca.gov/portal/file/cruise_051322-pdf/,cruise_051322-pdf,reports/2022/cruise_051322-pdf.pdf
"Motional May 17, 2022 (PDF)",Motional,2022-05-17,2022,https://www.dmv.ca.gov/portal/file/motional_051722-pdf/,motional_051722-pdf,reports/2022/motional_051722-pdf.pdf
"Pony.ai May 17, 2022 (PDF)",Pony.ai,2022-05-17,2022,https://www.dmv.ca.gov/portal/file/pony-ai_051722-pdf/,pony-ai_051722-pdf,reports/2022/pony-ai_051722-pdf.pdf
"Waymo May 17, 2022 (PDF)",Waymo,2022-05-17,2022,https://www.dmv.ca.gov/portal/file/waymo_051722-pdf/,waymo_051722-pdf,reports/2022/waymo_051722-pdf.pdf
"Mercedes Benz May 19, 2022 (PDF)",Mercedes Benz,2022-05-19,2022,https://www.dmv.ca.gov/portal/file/mercedes-benz_051922-pdf/,mercedes-benz_051922-pdf,reports/2022/mercedes-benz_051922-pdf.pdf
"Zoox May 20, 2022 (PDF)",Zoox,2022-05-20,2022,https://www.dmv.ca.gov/portal/file/zoox_052022-pdf/,zoox_052022-pdf,reports/2022/zoox_052022-pdf.pdf
"Waymo May 21, 2022 (PDF)",Waymo,2022-05-21,2022,https://www.dmv.ca.gov/portal/file/waymo_052122-pdf/,waymo_052122-pdf,reports/2022/waymo_052122-pdf.pdf
"Cruise May 25, 2022 (PDF)",Cruise,2022-05-25,2022,https://www.dmv.ca.gov/portal/file/cruise_052522-pdf/,cruise_052522-pdf,reports/2022/cruise_052522-pdf.pdf
"Waymo May 27, 2022 (PDF)",Waymo,2022-05-27,2022,https://www.dmv.ca.gov/portal/file/waymo_052722-pdf/,waymo_052722-pdf,reports/2022/waymo_052722-pdf.pdf
"Zoox May 31, 2022 (PDF)",Zoox,2022-05-31,2022,https://www.dmv.ca.gov/portal/file/zoox_053122-pdf/,zoox_053122-pdf,reports/2022/zoox_053122-pdf.pdf
"Waymo June 1, 2022 (PDF)",Waymo,2022-06-01,2022,https://www.dmv.ca.gov/portal/file/waymo_060122-pdf/,waymo_060122-pdf,reports/2022/waymo_060122-pdf.pdf
"Zoox June 1, 2022 (1) (PDF)",Zoox,2022-06-01,2022,https://www.dmv.ca.gov/portal/file/zoox_060122-1-pdf/,zoox_060122-1-pdf,reports/2022/zoox_060122-1-pdf.pdf
"Zoox June 1, 2022 (2) (PDF)",Zoox,2022-06-01,2022,https://www.dmv.ca.gov/portal/file/zoox_060122-2-pdf/,zoox_060122-2-pdf,reports/2022/zoox_060122-2-pdf.pdf
"Cruise June 2, 2022 (PDF)",Cruise,2022-06-02,2022,https://www.dmv.ca.gov/portal/file/cruise_060222-pdf/,cruise_060222-pdf,reports/2022/cruise_060222-pdf.pdf
"Cruise June 3, 2022 (PDF)",Cruise,2022-06-03,2022,https://www.dmv.ca.gov/portal/file/cruise_060322-pdf/,cruise_060322-pdf,reports/2022/cruise_060322-pdf.pdf
"Waymo June 5, 2022 (PDF)",Waymo,2022-06-05,2022,https://www.dmv.ca.gov/portal/file/waymo_060522-pdf/,waymo_060522-pdf,reports/2022/waymo_060522-pdf.pdf
"Zoox June 8, 2022 (PDF)",Zoox,2022-06-08,2022,https://www.dmv.ca.gov/portal/file/zoox_060822-pdf/,zoox_060822-pdf,reports/2022/zoox_060822-pdf.pdf
"Zoox June 11, 2022 (PDF)",Zoox,2022-06-11,2022,https://www.dmv.ca.gov/portal/file/zoox_061122-pdf/,zoox_061122-pdf,reports/2022/zoox_061122-pdf.pdf
"Apple June 14, 2022 (PDF)",Apple,2022-06-14,2022,https://www.dmv.ca.gov/portal/file/apple_061422-pdf/,apple_061422-pdf,reports/2022/apple_061422-pdf.pdf
"Cruise June 17, 2022 (PDF)",Cruise,2022-06-17,2022,https://www.dmv.ca.gov/portal/file/cruise_061722-pdf/,cruise_061722-pdf,reports/2022/cruise_061722-pdf.pdf
"Waymo June 21, 2022 (PDF)",Waymo,2022-06-21,2022,https://www.dmv.ca.gov/portal/file/waymo_062122-pdf/,waymo_062122-pdf,reports/2022/waymo_062122-pdf.pdf
"Zoox June 28, 2022 (PDF)",Zoox,2022-06-28,2022,https://www.dmv.ca.gov/portal/file/zoox_062822-pdf/,zoox_062822-pdf,reports/2022/zoox_062822-pdf.pdf
"Cruise June 29, 2022 (PDF)",Cruise,2022-06-29,2022,https://www.dmv.ca.gov/portal/file/cruise_062922-pdf/,cruise_062922-pdf,reports/2022/cruise_062922-pdf.pdf
"Waymo July 1, 2022 (PDF)",Waymo,2022-07-01,2022,https://www.dmv.ca.gov/portal/file/waymo_070122-pdf/,waymo_070122-pdf,reports/2022/waymo_070122-pdf.pdf
"Waymo July 2, 2022 (1) (PDF)",Waymo,2022-07-02,2022,https://www.dmv.ca.gov/portal/file/waymo_070222_1-pdf/,waymo_070222_1-pdf,reports/2022/waymo_070222_1-pdf.pdf
"Waymo July 2, 2022 (2) (PDF)",Waymo,2022-07-02,2022,https://www.dmv.ca.gov/portal/file/waymo_070222_2-pdf/,waymo_070222_2-pdf,reports/2022/waymo_070222_2-pdf.pdf
"Waymo July 3, 2022 (PDF)",Waymo,2022-07-03,2022,https://www.dmv.ca.gov/portal/file/waymo_070322-pdf/,waymo_070322-pdf,reports/2022/waymo_070322-pdf.pdf
"Waymo July 5, 2022 (PDF)",Waymo,2022-07-05,2022,https://www.dmv.ca.gov/portal/file/waymo_070522-pdf/,waymo_070522-pdf,reports/2022/waymo_070522-pdf.pdf
"Zoox July 8, 2022 (PDF)",Zoox,2022-07-08,2022,https://www.dmv.ca.gov/portal/file/zoox_070822-pdf/,zoox_070822-pdf,reports/2022/zoox_070822-pdf.pdf
"Cruise July 14, 2022 (PDF)",Cruise,2022-07-14,2022,https://www.dmv.ca.gov/portal/file/cruise_071422-pdf/,cruise_071422-pdf,reports/2022/cruise_071422-pdf.pdf
"Cruise July 16, 2022 (PDF)",Cruise,2022-07-16,2022,https://www.dmv.ca.gov/portal/file/cruise_071622-pdf/,cruise_071622-pdf,reports/2022/cruise_071622-pdf.pdf
"Cruise July 18, 2022 (PDF)",Cruise,2022-07-18,2022,https://www.dmv.ca.gov/portal/file/cruise_071822-pdf/,cruise_071822-pdf,reports/2022/cruise_071822-pdf.pdf
"Zoox July 22, 2022 (PDF)",Zoox,2022-07-22,2022,https://www.dmv.ca.gov/portal/file/zoox_072222-pdf/,zoox_072222-pdf,reports/2022/zoox_072222-pdf.pdf
"Waymo July 24, 2022 (PDF)",Waymo,2022-07-24,2022,https://www.dmv.ca.gov/portal/file/waymo_072422-pdf/,waymo_072422-pdf,reports/2022/waymo_072422-pdf.pdf
"Cruise August 2, 2022 (PDF)",Cruise,2022-08-02,2022,https://www.dmv.ca.gov/portal/file/cruise_080222-pdf/,cruise_080222-pdf,reports/2022/cruise_080222-pdf.pdf
"Woven Planet August 8, 2022 (PDF)",Woven Planet,2022-08-08,2022,https://www.dmv.ca.gov/portal/file/woven_planet_080822-pdf/,woven_planet_080822-pdf,reports/2022/woven_planet_080822-pdf.pdf
"Waymo August 10, 2022 (PDF)",Waymo,2022-08-10,2022,https://www.dmv.ca.gov/portal/file/waymo_081022-pdf/,waymo_081022-pdf,reports/2022/waymo_081022-pdf.pdf
"Waymo August 13, 2022 (PDF)",Waymo,2022-08-13,2022,https://www.dmv.ca.gov/portal/file/waymo_081322-pdf/,waymo_081322-pdf,reports/2022/waymo_081322-pdf.pdf
"Waymo August 14, 2022 (PDF)",Waymo,2022-08-14,2022,https://www.dmv.ca.gov/portal/file/waymo_081422-pdf/,waymo_081422-pdf,reports/2022/waymo_081422-pdf.pdf
"Cruise August 16, 2022 (PDF)",Cruise,2022-08-16,2022,https://www.dmv.ca.gov/portal/file/cruise_081622-pdf/,cruise_081622-pdf,reports/2022/cruise_081622-pdf.pdf
"Waymo August 16, 2022 (1) (PDF)",Waymo,2022-08-16,2022,https://www.dmv.ca.gov/portal/file/waymo_081622_1-pdf/,waymo_081622_1-pdf,reports/2022/waymo_081622_1-pdf.pdf
"Waymo August 16, 2022 (2) (PDF)",Waymo,2022-08-16,2022,https://www.dmv.ca.gov/portal/file/waymo_081622_2-pdf/,waymo_081622_2-pdf,reports/2022/waymo_081622_2-pdf.pdf
"Zoox August 23, 2022 (PDF)",Zoox,2022-08-23,2022,https://www.dmv.ca.gov/portal/file/zoox_082322-pdf/,zoox_082322-pdf,reports/2022/zoox_082322-pdf.pdf
"Waymo August 25, 2022 (PDF)",Waymo,2022-08-25,2022,https://www.dmv.ca.gov/portal/file/waymo_082522-pdf/,waymo_082522-pdf,reports/2022/waymo_082522-pdf.pdf
"Zoox August 30, 2022 (PDF)",Zoox,2022-08-30,2022,https://www.dmv.ca.gov/portal/file/zoox_083022-pdf/,zoox_083022-pdf,reports/2022/zoox_083022-pdf.pdf
"Cruise September 1, 2022 (PDF)",Cruise,2022-09-01,2022,https://www.dmv.ca.gov/portal/file/cruise_090122-pdf/,cruise_090122-pdf,reports/2022/cruise_090122-pdf.pdf
"Zoox September 1, 2022 (PDF)",Zoox,2022-09-01,2022,https://www.dmv.ca.gov/portal/file/zoox_090122-pdf/,zoox_090122-pdf,reports/2022/zoox_090122-pdf.pdf
"Cruise September 4, 2022 (PDF)",Cruise,2022-09-04,2022,https://www.dmv.ca.gov/portal/file/cruise_090422-pdf/,cruise_090422-pdf,reports/2022/cruise_090422-pdf.pdf
"Cruise September 5, 2022 (PDF)",Cruise,2022-09-05,2022,https://www.dmv.ca.gov/portal/file/cruise_090522-pdf/,cruise_090522-pdf,reports/2022/cruise_090522-pdf.pdf
"Waymo September 10, 2022 (PDF)",Waymo,2022-09-10,2022,https://www.dmv.ca.gov/portal/file/waymo_091022-pdf/,waymo_091022-pdf,reports/2022/waymo_091022-pdf.pdf
"Zoox September 14, 2022 (PDF)",Zoox,2022-09-14,2022,https://www.dmv.ca.gov/portal/file/zoox_091422-pdf/,zoox_091422-pdf,reports/2022/zoox_091422-pdf.pdf
"Waymo September 15, 2022 (PDF)",Waymo,2022-09-15,2022,https://www.dmv.ca.gov/portal/file/waymo_091522-pdf/,waymo_091522-pdf,reports/2022/waymo_091522-pdf.pdf
"Waymo September 17, 2022 (PDF)",Waymo,2022-09-17,2022,https://www.dmv.ca.gov/portal/file/waymo_091722-pdf/,waymo_091722-pdf,reports/2022/waymo_091722-pdf.pdf
"Argo AI September 22, 2022 (PDF)",Argo AI,2022-09-22,2022,https://www.dmv.ca.gov/portal/file/argo_092222-pdf/,argo_092222-pdf,reports/2022/argo_092222-pdf.pdf
"Zoox October 3, 2022 (PDF)",Zoox,2022-10-03,2022,https://www.dmv.ca.gov/portal/file/zoox_100322-pdf/,zoox_100322-pdf,reports/2022/zoox_100322-pdf.pdf
"Ghost Autonomy Inc October 7, 2022 (PDF)",Ghost Autonomy Inc,2022-10-07,2022,https://www.dmv.ca.gov/portal/file/ghost_100722-pdf/,ghost_100722-pdf,reports/2022/ghost_100722-pdf.pdf
"Apple October 10, 2022 (PDF)",Apple,2022-10-10,2022,https://www.dmv.ca.gov/portal/file/apple_101022-pdf/,apple_101022-pdf,reports/2022/apple_101022-pdf.pdf
"Zoox October 14, 2022 (PDF)",Zoox,2022-10-14,2022,https://www.dmv.ca.gov/portal/file/zoox_101422-pdf/,zoox_101422-pdf,reports/2022/zoox_101422-pdf.pdf
"Apple October 20, 2022 (PDF)",Apple,2022-10-20,2022,https://www.dmv.ca.gov/portal/file/apple_102022-pdf/,apple_102022-pdf,reports/2022/apple_102022-pdf.pdf
"Waymo October 21, 2022 (PDF)",Waymo,2022-10-21,2022,https://www.dmv.ca.gov/portal/file/waymo_102122-pdf/,waymo_102122-pdf,reports/2022/waymo_102122-pdf.pdf
"Waymo November 3, 2022 (PDF)",Waymo,2022-11-03,2022,https://www.dmv.ca.gov/portal/file/waymo_110322-pdf/,waymo_110322-pdf,reports/2022/waymo_110322-pdf.pdf
"Zoox November 4, 2022 (PDF)",Zoox,2022-11-04,2022,https://www.dmv.ca.gov/portal/file/zoox_110422-pdf/,zoox_110422-pdf,reports/2022/zoox_110422-pdf.pdf
"Waymo November 8, 2022 (PDF)",Waymo,2022-11-08,2022,https://www.dmv.ca.gov/portal/file/waymo_110822-pdf/,waymo_110822-pdf,reports/2022/waymo_110822-pdf.pdf
"Zoox November 14, 2022 (PDF)",Zoox,2022-11-14,2022,https://www.dmv.ca.gov/portal/file/zoox_111422-pdf/,zoox_111422-pdf,reports/2022/zoox_111422-pdf.pdf
"Cruise November 16, 2022 (PDF)",Cruise,2022-11-16,2022,https://www.dmv.ca.gov/portal/file/cruise_111622-pdf/,cruise_111622-pdf,reports/2022/cruise_111622-pdf.pdf
"Mercedes Benz November 17, 2022 (PDF)",Mercedes Benz,2022-11-17,2022,https://www.dmv.ca.gov/portal/file/mercedes-benz_111722-pdf/,mercedes-benz_111722-pdf,reports/2022/mercedes-benz_111722-pdf.pdf
"Mercedes Benz November 19, 2022 (PDF)",Mercedes Benz,2022-11-19,2022,https://www.dmv.ca.gov/portal/file/mercedes-benz_111922-pdf/,mercedes-benz_111922-pdf,reports/2022/mercedes-benz_111922-pdf.pdf
"Zoox November 20, 2022 (PDF)",Zoox,2022-11-20,2022,https://www.dmv.ca.gov/portal/file/zoox_112022-pdf/,zoox_112022-pdf,reports/2022/zoox_112022-pdf.pdf
"Zoox November 28, 2022 (PDF)",Zoox,2022-11-28,2022,https://www.dmv.ca.gov/portal/file/zoox_112822-pdf/,zoox_112822-pdf,reports/2022/zoox_112822-pdf.pdf
"Waymo December 1, 2022 (PDF)",Waymo,2022-12-01,2022,https://www.dmv.ca.gov/portal/file/waymo_120122-pdf/,waymo_120122-pdf,reports/2022/waymo_120122-pdf.pdf
"Waymo December 12, 2022 (PDF)",Waymo,2022-12-12,2022,https://www.dmv.ca.gov/portal/file/waymo_121222-pdf/,waymo_121222-pdf,reports/2022/waymo_121222-pdf.pdf
"Waymo December 13, 2022 (1) (PDF)",Waymo,2022-12-13,2022,https://www.dmv.ca.gov/portal/file/waymo_121322_1-pdf/,waymo_121322_1-pdf,reports/2022/waymo_121322_1-pdf.pdf
"Waymo December 13, 2022 (2) (PDF)",Waymo,2022-12-13,2022,https://www.dmv.ca.gov/portal/file/waymo_121322_2-pdf/,waymo_121322_2-pdf,reports/2022/waymo_121322_2-pdf.pdf
"Cruise December 14, 2022 (PDF)",Cruise,2022-12-14,2022,https://www.dmv.ca.gov/portal/file/cruise_121422-pdf/,cruise_121422-pdf,reports/2022/cruise_121422-pdf.pdf
"Waymo December 17, 2022 (PDF)",Waymo,2022-12-17,2022,https://www.dmv.ca.gov/portal/file/waymo_121722-pdf/,waymo_121722-pdf,reports/2022/waymo_121722-pdf.pdf
"Cruise December 18, 2022 (PDF)",Cruise,2022-12-18,2022,https://www.dmv.ca.gov/portal/file/cruise_121822-pdf/,cruise_121822-pdf,reports/2022/cruise_121822-pdf.pdf
"Apple December 20, 2022 (PDF)",Apple,2022-12-20,2022,https://www.dmv.ca.gov/portal/file/apple_122022-pdf/,apple_122022-pdf,reports/2022/apple_122022-pdf.pdf
"Cruise December 21, 2022 (PDF)",Cruise,2022-12-21,2022,https://www.dmv.ca.gov/portal/file/cruise_122122-pdf/,cruise_122122-pdf,reports/2022/cruise_122122-pdf.pdf
"Cruise December 28, 2022 (PDF)",Cruise,2022-12-28,2022,https://www.dmv.ca.gov/portal/file/cruise_122822-pdf/,cruise_122822-pdf,reports/2022/cruise_122822-pdf.pdf
Waymo December 29. 2022 (PDF),Waymo,2022-12-29,2022,https://www.dmv.ca.gov/portal/file/waymo_122922-pdf/,waymo_122922-pdf,reports/2022/waymo_122922-pdf.pdf
"Zoox January 1, 2023 (PDF)",Zoox,2023-01-01,2023,https://www.dmv.ca.gov/portal/file/zoox_010123-pdf/,zoox_010123-pdf,reports/2023/zoox_010123-pdf.pdf
"Waymo January 22, 2023 (PDF)",Waymo,2023-01-22,2023,https://www.dmv.ca.gov/portal/file/waymo_012223-pdf/,waymo_012223-pdf,reports/2023/waymo_012223-pdf.pdf
"Cruise January 25, 2023 (PDF)",Cruise,2023-01-25,2023,https://www.dmv.ca.gov/portal/file/cruise_012523-pdf/,cruise_012523-pdf,reports/2023/cruise_012523-pdf.pdf
"Zoox January 30, 2023 (PDF)",Zoox,2023-01-30,2023,https://www.dmv.ca.gov/portal/file/zoox_013023-pdf/,zoox_013023-pdf,reports/2023/zoox_013023-pdf.pdf
"Mercedes Benz February 2, 2023 (PDF)",Mercedes Benz,2023-02-02,2023,https://www.dmv.ca.gov/portal/file/mercedes-benz_020223-pdf/,mercedes-benz_020223-pdf,reports/2023/mercedes-benz_020223-pdf.pdf
"Zoox February 7, 2023 (PDF)",Zoox,2023-02-07,2023,https://www.dmv.ca.gov/portal/file/zoox_020723-pdf/,zoox_020723-pdf,reports/2023/zoox_020723-pdf.pdf
"Zoox February 8, 2023 (PDF)",Zoox,2023-02-08,2023,https://www.dmv.ca.gov/portal/file/zoox_020823-pdf/,zoox_020823-pdf,reports/2023/zoox_020823-pdf.pdf
"Mercedes Benz February 9, 2023 (PDF)",Mercedes Benz,2023-02-09,2023,https://www.dmv.ca.gov/portal/file/mercedes-benz_020923-pdf/,mercedes-benz_020923-pdf,reports/2023/mercedes-benz_020923-pdf.pdf
"Zoox February 11, 2023 (PDF)",Zoox,2023-02-11,2023,https://www.dmv.ca.gov/portal/file/zoox_021123-pdf/,zoox_021123-pdf,reports/2023/zoox_021123-pdf.pdf
"Waymo February 15, 2023 (PDF)",Waymo,2023-02-15,2023,https://www.dmv.ca.gov/portal/file/waymo_021523-pdf/,waymo_021523-pdf,reports/2023/waymo_021523-pdf.pdf
"Apple February 21, 2023 (PDF)",Apple,2023-02-21,2023,https://www.dmv.ca.gov/portal/file/apple_022123-pdf/,apple_022123-pdf,reports/2023/apple_022123-pdf.pdf
"Zoox February 23, 2023 (PDF)",Zoox,2023-02-23,2023,https://www.dmv.ca.gov/portal/file/zoox_022323-pdf/,zoox_022323-pdf,reports/2023/zoox_022323-pdf.pdf
"Waymo February 24, 2023 (PDF)",Waymo,2023-02-24,2023,https://www.dmv.ca.gov/portal/file/waymo_022423-pdf/,waymo_022423-pdf,reports/2023/waymo_022423-pdf.pdf
"Waymo February 25, 2023 (1) (PDF)",Waymo,2023-02-25,2023,https://www.dmv.ca.gov/portal/file/waymo_022523_1-pdf/,waymo_022523_1-pdf,reports/2023/waymo_022523_1-pdf.pdf
"Waymo February 25, 2023 (2) (PDF)",Waymo,2023-02-25,2023,https://www.dmv.ca.gov/portal/file/waymo_022523_2-pdf/,waymo_022523_2-pdf,reports/2023/waymo_022523_2-pdf.pdf
"Waymo March 1, 2023 (PDF)",Waymo,2023-03-01,2023,https://www.dmv.ca.gov/portal/file/waymo_030123-pdf/,waymo_030123-pdf,reports/2023/waymo_030123-pdf.pdf
"Cruise March 3, 2023 (PDF)",Cruise,2023-03-03,2023,https://www.dmv.ca.gov/portal/file/cruise_030323-pdf/,cruise_030323-pdf,reports/2023/cruise_030323-pdf.pdf
"Cruise March 6, 2023 (PDF)",Cruise,2023-03-06,2023,https://www.dmv.ca.gov/portal/file/cruise_030623-pdf/,cruise_030623-pdf,reports/2023/cruise_030623-pdf.pdf
"WeRide Corp March 9, 2023 (PDF)",WeRide Corp,2023-03-09,2023,https://www.dmv.ca.gov/portal/file/weride_030923-pdf/,weride_030923-pdf,reports/2023/weride_030923-pdf.pdf
"Waymo March 12, 2023 (PDF)",Waymo,2023-03-12,2023,https://www.dmv.ca.gov/portal/file/waymo_031223-pdf/,waymo_031223-pdf,reports/2023/waymo_031223-pdf.pdf
"Waymo March 16, 2023 (1) (PDF)",Waymo,2023-03-16,2023,https://www.dmv.ca.gov/portal/file/waymo_031623_1-pdf/,waymo_031623_1-pdf,reports/2023/waymo_031623_1-pdf.pdf
"Waymo March 16, 2023 (2) (PDF)",Waymo,2023-03-16,2023,https://www.dmv.ca.gov/portal/file/waymo_031623_2-pdf/,waymo_031623_2-pdf,reports/2023/waymo_031623_2-pdf.pdf
"Zoox March 16, 2023 (PDF)",Zoox,2023-03-16,2023,https://www.dmv.ca.gov/portal/file/zoox_031623-pdf/,zoox_031623-pdf,reports/2023/zoox_031623-pdf.pdf
"Cruise March 18, 2023 (PDF)",Cruise,2023-03-18,2023,https://www.dmv.ca.gov/portal/file/cruise_031823-pdf/,cruise_031823-pdf,reports/2023/cruise_031823-pdf.pdf
"Waymo March 20, 2023 (1) (PDF)",Waymo,2023-03-20,2023,https://www.dmv.ca.gov/portal/file/waymo_032023_1-pdf/,waymo_032023_1-pdf,reports/2023/waymo_032023_1-pdf.pdf
"Waymo March 20, 2023 (2) (PDF)",Waymo,2023-03-20,2023,https://www.dmv.ca.gov/portal/file/waymo_032023_2-pdf/,waymo_032023_2-pdf,reports/2023/waymo_032023_2-pdf.pdf
"Cruise March 21, 2023 (1) (PDF)",Cruise,2023-03-21,2023,https://www.dmv.ca.gov/portal/file/cruise_032123-pdf/,cruise_032123-pdf,reports/2023/cruise_032123-pdf.pdf
"Cruise March 21, 2023 (2) (PDF)",Cruise,2023-03-21,2023,https://www.dmv.ca.gov/portal/file/cruise_032221_2-pdf/,cruise_032221_2-pdf,reports/2023/cruise_032221_2-pdf.pdf
"Cruise March 22, 2023 (1) (PDF)",Cruise,2023-03-22,2023,https://www.dmv.ca.gov/portal/file/cruise_032223_1-pdf/,cruise_032223_1-pdf,reports/2023/cruise_032223_1-pdf.pdf
"Cruise March 22, 2023 (2) (PDF)",Cruise,2023-03-22,2023,https://www.dmv.ca.gov/portal/file/cruise_032223_2-pdf/,cruise_032223_2-pdf,reports/2023/cruise_032223_2-pdf.pdf
"Cruise March 22, 2023 (3) (PDF)",Cruise,2023-03-22,2023,https://www.dmv.ca.gov/portal/file/cruise_032223_3-pdf/,cruise_032223_3-pdf,reports/2023/cruise_032223_3-pdf.pdf
"Cruise March 23, 2023 (PDF)",Cruise,2023-03-23,2023,https://www.dmv.ca.gov/portal/file/cruise_032323-pdf/,cruise_032323-pdf,reports/2023/cruise_032323-pdf.pdf
"Waymo April 3, 2023 (PDF)",Waymo,2023-04-03,2023,https://www.dmv.ca.gov/portal/file/waymo_040323-pdf/,waymo_040323-pdf,reports/2023/waymo_040323-pdf.pdf
"Waymo April 5, 2023 (PDF)",Waymo,2023-04-05,2023,https://www.dmv.ca.gov/portal/file/waymo_040523-pdf/,waymo_040523-pdf,reports/2023/waymo_040523-pdf.pdf
"Waymo April 6, 2023 (PDF)",Waymo,2023-04-06,2023,https://www.dmv.ca.gov/portal/file/waymo_040623-pdf/,waymo_040623-pdf,reports/2023/waymo_040623-pdf.pdf
"Cruise April 9, 2023 (PDF)",Cruise,2023-04-09,2023,https://www.dmv.ca.gov/portal/file/cruise_040923-pdf/,cruise_040923-pdf,reports/2023/cruise_040923-pdf.pdf
"Zoox April 11, 2023 (1) (PDF)",Zoox,2023-04-11,2023,https://www.dmv.ca.gov/portal/file/zoox_041123-pdf/,zoox_041123-pdf,reports/2023/zoox_041123-pdf.pdf
"Zoox April 11, 2023 (2) (PDF)",Zoox,2023-04-11,2023,https://www.dmv.ca.gov/portal/file/zoox_041123_2-pdf/,zoox_041123_2-pdf,reports/2023/zoox_041123_2-pdf.pdf
"Cruise April 12, 2023 (PDF)",Cruise,2023-04-12,2023,https://www.dmv.ca.gov/portal/file/cruise_041223-pdf/,cruise_041223-pdf,reports/2023/cruise_041223-pdf.pdf
"Waymo April 12, 2023 (PDF)",Waymo,2023-04-12,2023,https://www.dmv.ca.gov/portal/file/waymo_041223-pdf/,waymo_041223-pdf,reports/2023/waymo_041223-pdf.pdf
"Cruise April 21, 2023 (PDF)",Cruise,2023-04-21,2023,https://www.dmv.ca.gov/portal/file/cruise_042123-pdf/,cruise_042123-pdf,reports/2023/cruise_042123-pdf.pdf
"Cruise April 22, 2023 (PDF)",Cruise,2023-04-22,2023,https://www.dmv.ca.gov/portal/file/cruise_042223-pdf/,cruise_042223-pdf,reports/2023/cruise_042223-pdf.pdf
"Mercedes Benz April 26, 2023 (PDF)",Mercedes Benz,2023-04-26,2023,https://www.dmv.ca.gov/portal/file/mercedesbenz_042623-pdf/,mercedesbenz_042623-pdf,reports/2023/mercedesbenz_042623-pdf.pdf
"Waymo April 28, 2023 (PDF)",Waymo,2023-04-28,2023,https://www.dmv.ca.gov/portal/file/waymo_042823-pdf/,waymo_042823-pdf,reports/2023/waymo_042823-pdf.pdf
"Waymo April 30, 2023 (PDF)",Waymo,2023-04-30,2023,https://www.dmv.ca.gov/portal/file/waymo_043023-pdf/,waymo_043023-pdf,reports/2023/waymo_043023-pdf.pdf
"Cruise May 1, 2023 (PDF)",Cruise,2023-05-01,2023,https://www.dmv.ca.gov/portal/file/cruise_050123-pdf/,cruise_050123-pdf,reports/2023/cruise_050123-pdf.pdf
"WeRide Corp May 1, 2023 (PDF)",WeRide Corp,2023-05-01,2023,https://www.dmv.ca.gov/portal/file/weride_050123-pdf/,weride_050123-pdf,reports/2023/weride_050123-pdf.pdf
"Cruise May 3, 2023 (PDF)",Cruise,2023-05-03,2023,https://www.dmv.ca.gov/portal/file/cruise_050323-pdf/,cruise_050323-pdf,reports/2023/cruise_050323-pdf.pdf
"Waymo May 3, 2023 (PDF)",Waymo,2023-05-03,2023,https://www.dmv.ca.gov/portal/file/waymo_050323-pdf/,waymo_050323-pdf,reports/2023/waymo_050323-pdf.pdf
"Cruise May 4, 2023 (PDF)",Cruise,2023-05-04,2023,https://www.dmv.ca.gov/portal/file/cruise_050423-pdf/,cruise_050423-pdf,reports/2023/cruise_050423-pdf.pdf
"Waymo May 6, 2023 (PDF)",Waymo,2023-05-06,2023,https://www.dmv.ca.gov/portal/file/waymo_050623-pdf/,waymo_050623-pdf,reports/2023/waymo_050623-pdf.pdf
"Cruise May 7, 2023 (PDF)",Cruise,2023-05-07,2023,https://www.dmv.ca.gov/portal/file/cruise_050723-pdf/,cruise_050723-pdf,reports/2023/cruise_050723-pdf.pdf
"Waymo May 7, 2023 (PDF)",Waymo,2023-05-07,2023,https://www.dmv.ca.gov/portal/file/waymo_050723-pdf/,waymo_050723-pdf,reports/2023/waymo_050723-pdf.pdf
"Apple May 11, 2023 (PDF)",Apple,2023-05-11,2023,https://www.dmv.ca.gov/portal/file/apple_051123-pdf/,apple_051123-pdf,reports/2023/apple_051123-pdf.pdf
"Zoox May 17, 2023 (PDF)",Zoox,2023-05-17,2023,https://www.dmv.ca.gov/portal/file/zoox_051723-pdf/,zoox_051723-pdf,reports/2023/zoox_051723-pdf.pdf
"Cruise May 18, 2023 (PDF)",Cruise,2023-05-18,2023,https://www.dmv.ca.gov/portal/file/cruise_051823-pdf/,cruise_051823-pdf,reports/2023/cruise_051823-pdf.pdf
"Zoox May 20, 2023 (PDF)",Zoox,2023-05-20,2023,https://www.dmv.ca.gov/portal/file/zoox_052023-pdf/,zoox_052023-pdf,reports/2023/zoox_052023-pdf.pdf
"Cruise May 21, 2023 (PDF)",Cruise,2023-05-21,2023,https://www.dmv.ca.gov/portal/file/cruise_052123-pdf/,cruise_052123-pdf,reports/2023/cruise_052123-pdf.pdf
"Waymo May 21, 2023 (PDF)",Waymo,2023-05-21,2023,https://www.dmv.ca.gov/portal/file/waymo_052123-pdf/,waymo_052123-pdf,reports/2023/waymo_052123-pdf.pdf
"Mercedes Benz May 30, 2023 (PDF)",Mercedes Benz,2023-05-30,2023,https://www.dmv.ca.gov/portal/file/mercedes-benz_053023-pdf/,mercedes-benz_053023-pdf,reports/2023/mercedes-benz_053023-pdf.pdf
"Mercedes Benz June 1, 2023 (PDF)",Mercedes Benz,2023-06-01,2023,https://www.dmv.ca.gov/portal/file/mercedes-benz_060123-pdf/,mercedes-benz_060123-pdf,reports/2023/mercedes-benz_060123-pdf.pdf
"Pony.ai June 5, 2023 (PDF)",Pony.ai,2023-06-05,2023,https://www.dmv.ca.gov/portal/file/pony-ai_060523-pdf/,pony-ai_060523-pdf,reports/2023/pony-ai_060523-pdf.pdf
"Waymo June 5, 2023 (PDF)",Waymo,2023-06-05,2023,https://www.dmv.ca.gov/portal/file/waymo_060523-pdf/,waymo_060523-pdf,reports/2023/waymo_060523-pdf.pdf
"Cruise June 8, 2023 (PDF)",Cruise,2023-06-08,2023,https://www.dmv.ca.gov/portal/file/cruise_060823-pdf/,cruise_060823-pdf,reports/2023/cruise_060823-pdf.pdf
"WeRide June 8, 2023 (PDF)",WeRide,2023-06-08,2023,https://www.dmv.ca.gov/portal/file/weride_060823-pdf/,weride_060823-pdf,reports/2023/weride_060823-pdf.pdf
"Cruise June 9, 2023 (PDF)",Cruise,2023-06-09,2023,https://www.dmv.ca.gov/portal/file/cruise_060923-pdf/,cruise_060923-pdf,reports/2023/cruise_060923-pdf.pdf
"Waymo June 9, 2023 (PDF)",Waymo,2023-06-09,2023,https://www.dmv.ca.gov/portal/file/waymo_060923-pdf/,waymo_060923-pdf,reports/2023/waymo_060923-pdf.pdf
"Waymo June 11, 2023 (PDF)",Waymo,2023-06-11,2023,https://www.dmv.ca.gov/portal/file/waymo_061123-pdf/,waymo_061123-pdf,reports/2023/waymo_061123-pdf.pdf
"Cruise June 15, 2023 (PDF)",Cruise,2023-06-15,2023,https://www.dmv.ca.gov/portal/file/cruise_061523-pdf/,cruise_061523-pdf,reports/2023/cruise_061523-pdf.pdf
"Cruise June 17, 2023 (2) (PDF)",Cruise,2023-06-17,2023,https://www.dmv.ca.gov/portal/file/cruise_061723-2-pdf/,cruise_061723-2-pdf,reports/2023/cruise_061723-2-pdf.pdf
"Cruise, June 17, 2023 (1) (PDF)","Cruise,",2023-06-17,2023,https://www.dmv.ca.gov/portal/file/cruise_061723-pdf/,cruise_061723-pdf,reports/2023/cruise_061723-pdf.pdf
"Waymo June 18, 2023 (PDF)",Waymo,2023-06-18,2023,https://www.dmv.ca.gov/portal/file/waymo_06182023-pdf/,waymo_06182023-pdf,reports/2023/waymo_06182023-pdf.pdf
"Zoox June 18, 2023 (PDF)",Zoox,2023-06-18,2023,https://www.dmv.ca.gov/portal/file/zoox_06182023-pdf/,zoox_06182023-pdf,reports/2023/zoox_06182023-pdf.pdf
"Cruise June 24, 2023 (PDF)",Cruise,2023-06-24,2023,https://www.dmv.ca.gov/portal/file/cruise_06242023-pdf/,cruise_06242023-pdf,reports/2023/cruise_06242023-pdf.pdf
Waymo June 28. 2023 (PDF),Waymo,2023-06-28,2023,https://www.dmv.ca.gov/portal/file/waymo_062823-pdf/,waymo_062823-pdf,reports/2023/waymo_062823-pdf.pdf
"Apollo Autonomous Driving June 29, 2023 (PDF)",Apollo Autonomous Driving,2023-06-29,2023,https://www.dmv.ca.gov/portal/file/apollo_autonomous_driving_06292023-pdf/,apollo_autonomous_driving_06292023-pdf,reports/2023/apollo_autonomous_driving_06292023-pdf.pdf
"Cruise June 29, 2023 (PDF)",Cruise,2023-06-29,2023,https://www.dmv.ca.gov/portal/file/cruise_062923-pdf/,cruise_062923-pdf,reports/2023/cruise_062923-pdf.pdf
"Waymo June 29, 2023 (2) (PDF)",Waymo,2023-06-29,2023,https://www.dmv.ca.gov/portal/file/waymo_06292023-2-pdf/,waymo_06292023-2-pdf,reports/2023/waymo_06292023-2-pdf.pdf
"Waymo June 29, 2023 (1) (PDF)",Waymo,2023-06-29,2023,https://www.dmv.ca.gov/portal/file/waymo_062923-1-pdf/,waymo_062923-1-pdf,reports/2023/waymo_062923-1-pdf.pdf
"Cruise July 2, 2023 (PDF)",Cruise,2023-07-02,2023,https://www.dmv.ca.gov/portal/file/cruise_070223-pdf/,cruise_070223-pdf,reports/2023/cruise_070223-pdf.pdf
"Waymo July 3, 2023 (PDF)",Waymo,2023-07-03,2023,https://www.dmv.ca.gov/portal/file/waymo_070323-pdf/,waymo_070323-pdf,reports/2023/waymo_070323-pdf.pdf
"Waymo July 8, 2023 (PDF)",Waymo,2023-07-08,2023,https://www.dmv.ca.gov/portal/file/waymo_070823-pdf/,waymo_070823-pdf,reports/2023/waymo_070823-pdf.pdf
"Waymo July 11, 2023 (PDF)",Waymo,2023-07-11,2023,https://www.dmv.ca.gov/portal/file/waymo_071123-pdf/,waymo_071123-pdf,reports/2023/waymo_071123-pdf.pdf
"Cruise July 21, 2023 (A) (PDF)",Cruise,2023-07-21,2023,https://www.dmv.ca.gov/portal/file/cruise_07212023-a-pdf/,cruise_07212023-a-pdf,reports/2023/cruise_07212023-a-pdf.pdf
"Cruise July 21, 2023 (B) (PDF)",Cruise,2023-07-21,2023,https://www.dmv.ca.gov/portal/file/cruise_07212023-b-pdf/,cruise_07212023-b-pdf,reports/2023/cruise_07212023-b-pdf.pdf
"Waymo July 21, 2023 (PDF)",Waymo,2023-07-21,2023,https://www.dmv.ca.gov/portal/file/waymo_07212023-pdf/,waymo_07212023-pdf,reports/2023/waymo_07212023-pdf.pdf
"Waymo July 22, 2023 (PDF)",Waymo,2023-07-22,2023,https://www.dmv.ca.gov/portal/file/waymo_07222023-pdf/,waymo_07222023-pdf,reports/2023/waymo_07222023-pdf.pdf
"Nuro July 24, 2023 (PDF)",Nuro,2023-07-24,2023,https://www.dmv.ca.gov/portal/file/nuro_07242023-pdf/,nuro_07242023-pdf,reports/2023/nuro_07242023-pdf.pdf
"Waymo July 25, 2023 (PDF)",Waymo,2023-07-25,2023,https://www.dmv.ca.gov/portal/file/waymo_07252023-pdf/,waymo_07252023-pdf,reports/2023/waymo_07252023-pdf.pdf
"Cruise July 28, 2023 (PDF)",Cruise,2023-07-28,2023,https://www.dmv.ca.gov/portal/file/cruise_07282023-pdf/,cruise_07282023-pdf,reports/2023/cruise_07282023-pdf.pdf
"Waymo July 29, 2023 (PDF)",Waymo,2023-07-29,2023,https://www.dmv.ca.gov/portal/file/waymo_07292023-pdf/,waymo_07292023-pdf,reports/2023/waymo_07292023-pdf.pdf
"Cruise July 30, 2023 (PDF)",Cruise,2023-07-30,2023,https://www.dmv.ca.gov/portal/file/cruise_07302023-pdf/,cruise_07302023-pdf,reports/2023/cruise_07302023-pdf.pdf
"Waymo August 2, 2023 (PDF)",Waymo,2023-08-02,2023,https://www.dmv.ca.gov/portal/file/waymo_08022023-pdf/,waymo_08022023-pdf,reports/2023/waymo_08022023-pdf.pdf
"Cruise August 8, 2023 (PDF)",Cruise,2023-08-08,2023,https://www.dmv.ca.gov/portal/file/cruise_08082023-pdf/,cruise_08082023-pdf,reports/2023/cruise_08082023-pdf.pdf
"Waymo August 11, 2023 (PDF)",Waymo,2023-08-11,2023,https://www.dmv.ca.gov/portal/file/waymo_08112023-pdf/,waymo_08112023-pdf,reports/2023/waymo_08112023-pdf.pdf
"WeRide August 11, 2023 (PDF)",WeRide,2023-08-11,2023,https://www.dmv.ca.gov/portal/file/weride_08112023-pdf/,weride_08112023-pdf,reports/2023/weride_08112023-pdf.pdf
"Waymo August 13, 2023 (PDF)",Waymo,2023-08-13,2023,https://www.dmv.ca.gov/portal/file/waymo_08132023-pdf/,waymo_08132023-pdf,reports/2023/waymo_08132023-pdf.pdf
"Cruise August 14, 2023 (PDF)",Cruise,2023-08-14,2023,https://www.dmv.ca.gov/portal/file/cruise_08142023-pdf/,cruise_08142023-pdf,reports/2023/cruise_08142023-pdf.pdf
"Ghost Autonomy Inc, August 14, 2023 (PDF)","Ghost Autonomy Inc,",2023-08-14,2023,https://www.dmv.ca.gov/portal/file/ghostautonomy_08142023-pdf/,ghostautonomy_08142023-pdf,reports/2023/ghostautonomy_08142023-pdf.pdf
"Zoox August 16, 2023 (PDF)",Zoox,2023-08-16,2023,https://www.dmv.ca.gov/portal/file/zoox_08162023-pdf/,zoox_08162023-pdf,reports/2023/zoox_08162023-pdf.pdf
"Cruise August 17, 2023 (PDF)",Cruise,2023-08-17,2023,https://www.dmv.ca.gov/portal/file/cruise_08172023-pdf/,cruise_08172023-pdf,reports/2023/cruise_08172023-pdf.pdf
"Waymo August 17, 2023 (PDF)",Waymo,2023-08-17,2023,https://www.dmv.ca.gov/portal/file/waymo_08172023-pdf/,waymo_08172023-pdf,reports/2023/waymo_08172023-pdf.pdf
"Cruise August 18, 2023 (PDF)",Cruise,2023-08-18,2023,https://www.dmv.ca.gov/portal/file/cruise_08182023-pdf/,cruise_08182023-pdf,reports/2023/cruise_08182023-pdf.pdf
"Mercedes Benz August 18, 2023 (PDF)",Mercedes Benz,2023-08-18,2023,https://www.dmv.ca.gov/portal/file/mercedesbenz_08182023-pdf/,mercedesbenz_08182023-pdf,reports/2023/mercedesbenz_08182023-pdf.pdf
"Waymo August 19, 2023 (PDF)",Waymo,2023-08-19,2023,https://www.dmv.ca.gov/portal/file/waymo_08192023-pdf/,waymo_08192023-pdf,reports/2023/waymo_08192023-pdf.pdf
"Waymo August 20, 2023 (PDF)",Waymo,2023-08-20,2023,https://www.dmv.ca.gov/portal/file/waymo_08202023-pdf/,waymo_08202023-pdf,reports/2023/waymo_08202023-pdf.pdf
"Beep Inc August 23, 2023 (PDF)",Beep Inc,2023-08-23,2023,https://www.dmv.ca.gov/portal/file/beepinc_08232023-pdf/,beepinc_08232023-pdf,reports/2023/beepinc_08232023-pdf.pdf
"Waymo August 23, 2023 (PDF)",Waymo,2023-08-23,2023,https://www.dmv.ca.gov/portal/file/waymo_08232023-pdf/,waymo_08232023-pdf,reports/2023/waymo_08232023-pdf.pdf
"Waymo August 24, 2023 (PDF)",Waymo,2023-08-24,2023,https://www.dmv.ca.gov/portal/file/waymo_08242023-pdf/,waymo_08242023-pdf,reports/2023/waymo_08242023-pdf.pdf
"Waymo September 3, 2023 (PDF)",Waymo,2023-09-03,2023,https://www.dmv.ca.gov/portal/file/waymo_09032023-pdf/,waymo_09032023-pdf,reports/2023/waymo_09032023-pdf.pdf
"Apollo Autonomous Driving September 6, 2023 (PDF)",Apollo Autonomous Driving,2023-09-06,2023,https://www.dmv.ca.gov/portal/file/apollo_autonomous_driving_09062023-pdf/,apollo_autonomous_driving_09062023-pdf,reports/2023/apollo_autonomous_driving_09062023-pdf.pdf
"Cruise September 11, 2023 (PDF)",Cruise,2023-09-11,2023,https://www.dmv.ca.gov/portal/file/cruise_09112023-pdf/,cruise_09112023-pdf,reports/2023/cruise_09112023-pdf.pdf
"Waymo September 11, 2023 (PDF)",Waymo,2023-09-11,2023,https://www.dmv.ca.gov/portal/file/waymo_09112023-pdf/,waymo_09112023-pdf,reports/2023/waymo_09112023-pdf.pdf
"Zoox September 11, 2023 (PDF)",Zoox,2023-09-11,2023,https://www.dmv.ca.gov/portal/file/zoox_09112023-pdf/,zoox_09112023-pdf,reports/2023/zoox_09112023-pdf.pdf
"Pony.ai September 15, 2023 (PDF)",Pony.ai,2023-09-15,2023,https://www.dmv.ca.gov/portal/file/pony-ai_09152023-pdf/,pony-ai_09152023-pdf,reports/2023/pony-ai_09152023-pdf.pdf
"Cruise September 25, 2023 (PDF)",Cruise,2023-09-25,2023,https://www.dmv.ca.gov/portal/file/cruise_09252023-pdf/,cruise_09252023-pdf,reports/2023/cruise_09252023-pdf.pdf
"Apple September 26, 2023 (PDF)",Apple,2023-09-26,2023,https://www.dmv.ca.gov/portal/file/apple_09262023-pdf/,apple_09262023-pdf,reports/2023/apple_09262023-pdf.pdf
"Cruise September 27, 2023 (PDF)",Cruise,2023-09-27,2023,https://www.dmv.ca.gov/portal/file/cruise_09272023-pdf/,cruise_09272023-pdf,reports/2023/cruise_09272023-pdf.pdf
"WeRide September 28, 2023 (PDF)",WeRide,2023-09-28,2023,https://www.dmv.ca.gov/portal/file/weride_09282023-pdf/,weride_09282023-pdf,reports/2023/weride_09282023-pdf.pdf
"Apple September 29, 2023 (PDF)",Apple,2023-09-29,2023,https://www.dmv.ca.gov/portal/file/apple_09292023-pdf/,apple_09292023-pdf,reports/2023/apple_09292023-pdf.pdf
"Waymo September 30, 2023 (PDF)",Waymo,2023-09-30,2023,https://www.dmv.ca.gov/portal/file/waymo_09302023-pdf/,waymo_09302023-pdf,reports/2023/waymo_09302023-pdf.pdf
"Cruise October 6, 2023 (PDF)",Cruise,2023-10-06,2023,https://www.dmv.ca.gov/portal/file/cruise_10062023-pdf/,cruise_10062023-pdf,reports/2023/cruise_10062023-pdf.pdf
"Zoox October 12, 2023 (PDF)",Zoox,2023-10-12,2023,https://www.dmv.ca.gov/portal/file/zoox_101223-pdf/,zoox_101223-pdf,reports/2023/zoox_101223-pdf.pdf
"Apple October 13, 2023 (PDF)",Apple,2023-10-13,2023,https://www.dmv.ca.gov/portal/file/apple_101323-pdf/,apple_101323-pdf,reports/2023/apple_101323-pdf.pdf
"Apollo Autonomous Driving October 16, 2023 (PDF)",Apollo Autonomous Driving,2023-10-16,2023,https://www.dmv.ca.gov/portal/file/apollo_101623-pdf/,apollo_101623-pdf,reports/2023/apollo_101623-pdf.pdf
"Waymo October 17, 2023 (PDF)",Waymo,2023-10-17,2023,https://www.dmv.ca.gov/portal/file/waymo_101723-pdf/,waymo_101723-pdf,reports/2023/waymo_101723-pdf.pdf
"Apple October 23, 2023 (PDF)",Apple,2023-10-23,2023,https://www.dmv.ca.gov/portal/file/apple_10232023-pdf/,apple_10232023-pdf,reports/2023/apple_10232023-pdf.pdf
"Waymo October 26, 2023 (PDF)",Waymo,2023-10-26,2023,https://www.dmv.ca.gov/portal/file/waymo_10262023-pdf/,waymo_10262023-pdf,reports/2023/waymo_10262023-pdf.pdf
"Cruise October 27, 2023 (PDF)",Cruise,2023-10-27,2023,https://www.dmv.ca.gov/portal/file/cruise_10272023-pdf/,cruise_10272023-pdf,reports/2023/cruise_10272023-pdf.pdf
"Waymo November 3, 2023 (PDF)",Waymo,2023-11-03,2023,https://www.dmv.ca.gov/portal/file/waymo_11032023-pdf/,waymo_11032023-pdf,reports/2023/waymo_11032023-pdf.pdf
"Waymo November 22, 2023 (PDF)",Waymo,2023-11-22,2023,https://www.dmv.ca.gov/portal/file/waymo_11222023-pdf/,waymo_11222023-pdf,reports/2023/waymo_11222023-pdf.pdf
"Nuro November 27, 2023 (PDF)",Nuro,2023-11-27,2023,https://www.dmv.ca.gov/portal/file/nuro_11272023-pdf/,nuro_11272023-pdf,reports/2023/nuro_11272023-pdf.pdf
"Mercedes Benz, November 29, 2023 (PDF)","Mercedes Benz,",2023-11-29,2023,https://www.dmv.ca.gov/portal/file/mercedes_benz_11292023-pdf/,mercedes_benz_11292023-pdf,reports/2023/mercedes_benz_11292023-pdf.pdf
"Zoox January 1, 2024 (A) (PDF)",Zoox,2024-01-01,2024,https://www.dmv.ca.gov/portal/file/zoox_01012024a-pdf/,zoox_01012024a-pdf,reports/2024/zoox_01012024a-pdf.pdf
"Zoox January 1, 2024 (B) (PDF)",Zoox,2024-01-01,2024,https://www.dmv.ca.gov/portal/file/zoox_01012024b-pdf/,zoox_01012024b-pdf,reports/2024/zoox_01012024b-pdf.pdf
"Waymo January 8, 2024 (PDF)",Waymo,2024-01-08,2024,https://www.dmv.ca.gov/portal/file/waymo_01082024-pdf/,waymo_01082024-pdf,reports/2024/waymo_01082024-pdf.pdf
"Ghost Autonomy Inc January 11, 2024 (PDF)",Ghost Autonomy Inc,2024-01-11,2024,https://www.dmv.ca.gov/portal/file/ghostautonomy01112024-pdf/,ghostautonomy01112024-pdf,reports/2024/ghostautonomy01112024-pdf.pdf
"Zoox January 11, 2024 (1) (PDF)",Zoox,2024-01-11,2024,https://www.dmv.ca.gov/portal/file/zoox_011120241-pdf/,zoox_011120241-pdf,reports/2024/zoox_011120241-pdf.pdf
"Zoox January 11, 2024 (2) (PDF)",Zoox,2024-01-11,2024,https://www.dmv.ca.gov/portal/file/zoox_011120242-pdf/,zoox_011120242-pdf,reports/2024/zoox_011120242-pdf.pdf
"Nuro January 12, 2024 (PDF)",Nuro,2024-01-12,2024,https://www.dmv.ca.gov/portal/file/nuro_0111122024-pdf/,nuro_0111122024-pdf,reports/2024/nuro_0111122024-pdf.pdf
"Zoox January 15, 2024 (PDF)",Zoox,2024-01-15,2024,https://www.dmv.ca.gov/portal/file/zoox_01152024-pdf/,zoox_01152024-pdf,reports/2024/zoox_01152024-pdf.pdf
"WeRide January 17, 2024 (PDF)",WeRide,2024-01-17,2024,https://www.dmv.ca.gov/portal/file/weride01172024-pdf/,weride01172024-pdf,reports/2024/weride01172024-pdf.pdf
"Apple January 26, 2024 (PDF)",Apple,2024-01-26,2024,https://www.dmv.ca.gov/portal/file/apple_012624-pdf/,apple_012624-pdf,reports/2024/apple_012624-pdf.pdf
"Nuro January 31, 2024 (PDF)",Nuro,2024-01-31,2024,https://www.dmv.ca.gov/portal/file/nuro_013124-pdf/,nuro_013124-pdf,reports/2024/nuro_013124-pdf.pdf
"Waymo January 31, 2024 (PDF)",Waymo,2024-01-31,2024,https://www.dmv.ca.gov/portal/file/waymo_013124-pdf/,waymo_013124-pdf,reports/2024/waymo_013124-pdf.pdf
"Waymo February 5, 2024 (PDF)",Waymo,2024-02-05,2024,https://www.dmv.ca.gov/portal/file/waymo_02052024-pdf/,waymo_02052024-pdf,reports/2024/waymo_02052024-pdf.pdf
"Apple February 15, 2024 (PDF)",Apple,2024-02-15,2024,https://www.dmv.ca.gov/portal/file/apple_021524-pdf/,apple_021524-pdf,reports/2024/apple_021524-pdf.pdf
"Waymo February 18, 2024 (PDF)",Waymo,2024-02-18,2024,https://www.dmv.ca.gov/portal/file/waymo_021824-pdf/,waymo_021824-pdf,reports/2024/waymo_021824-pdf.pdf
"Zoox February 22, 2024 (1) (PDF)",Zoox,2024-02-22,2024,https://www.dmv.ca.gov/portal/file/zoox_022220241-pdf/,zoox_022220241-pdf,reports/2024/zoox_022220241-pdf.pdf
"Zoox February 22, 2024 (2) (PDF)",Zoox,2024-02-22,2024,https://www.dmv.ca.gov/portal/file/zoox_022220242-pdf/,zoox_022220242-pdf,reports/2024/zoox_022220242-pdf.pdf
"Waymo March 2, 2024 (PDF)",Waymo,2024-03-02,2024,https://www.dmv.ca.gov/portal/file/waymo_03022024-pdf/,waymo_03022024-pdf,reports/2024/waymo_03022024-pdf.pdf
"Waymo March 3, 2024 (PDF)",Waymo,2024-03-03,2024,https://www.dmv.ca.gov/portal/file/waymo_03032024-pdf/,waymo_03032024-pdf,reports/2024/waymo_03032024-pdf.pdf
"Waymo March 8, 2024 (PDF)",Waymo,2024-03-08,2024,https://www.dmv.ca.gov/portal/file/waymo_03082024-pdf/,waymo_03082024-pdf,reports/2024/waymo_03082024-pdf.pdf
"Nuro March 12, 2024 (PDF)",Nuro,2024-03-12,2024,https://www.dmv.ca.gov/portal/file/nuro_031224-pdf/,nuro_031224-pdf,reports/2024/nuro_031224-pdf.pdf
"Waymo March 14, 2024 (PDF)",Waymo,2024-03-14,2024,https://www.dmv.ca.gov/portal/file/waymo_03142024-pdf/,waymo_03142024-pdf,reports/2024/waymo_03142024-pdf.pdf
"Zoox March 18, 2024 (PDF)",Zoox,2024-03-18,2024,https://www.dmv.ca.gov/portal/file/zoox_031824-pdf/,zoox_031824-pdf,reports/2024/zoox_031824-pdf.pdf
"Waymo March 19, 2024 (PDF)",Waymo,2024-03-19,2024,https://www.dmv.ca.gov/portal/file/waymo_031924-pdf/,waymo_031924-pdf,reports/2024/waymo_031924-pdf.pdf
"Waymo March 22, 2024 (PDF)",Waymo,2024-03-22,2024,https://www.dmv.ca.gov/portal/file/waymo_032224_amended_redacted-pdf/,waymo_032224_amended_redacted-pdf,reports/2024/waymo_032224_amended_redacted-pdf.pdf
"Waymo March 28, 2024 (PDF)",Waymo,2024-03-28,2024,https://www.dmv.ca.gov/portal/file/waymo_032824-pdf/,waymo_032824-pdf,reports/2024/waymo_032824-pdf.pdf
"Waymo March 30, 2024 (PDF)",Waymo,2024-03-30,2024,https://www.dmv.ca.gov/portal/file/waymo_033024-pdf/,waymo_033024-pdf,reports/2024/waymo_033024-pdf.pdf
"Zoox April 2, 2024 (PDF)",Zoox,2024-04-02,2024,https://www.dmv.ca.gov/portal/file/zoox_040224-pdf/,zoox_040224-pdf,reports/2024/zoox_040224-pdf.pdf
"Waymo April 11, 2024 (PDF)",Waymo,2024-04-11,2024,https://www.dmv.ca.gov/portal/file/waymo_04112024-pdf/,waymo_04112024-pdf,reports/2024/waymo_04112024-pdf.pdf
"Waymo April 13, 2024 (PDF)",Waymo,2024-04-13,2024,https://www.dmv.ca.gov/portal/file/waymo_04132024-pdf/,waymo_04132024-pdf,reports/2024/waymo_04132024-pdf.pdf
"Zoox April 17, 2024 (PDF)",Zoox,2024-04-17,2024,https://www.dmv.ca.gov/portal/file/zoox_04172024-pdf/,zoox_04172024-pdf,reports/2024/zoox_04172024-pdf.pdf
"Pony.ai April 23, 2024 (PDF)",Pony.ai,2024-04-23,2024,https://www.dmv.ca.gov/portal/file/pony-ai_04232024-pdf/,pony-ai_04232024-pdf,reports/2024/pony-ai_04232024-pdf.pdf
"Zoox April 28, 2024 (PDF)",Zoox,2024-04-28,2024,https://www.dmv.ca.gov/portal/file/zoox_042824-pdf/,zoox_042824-pdf,reports/2024/zoox_042824-pdf.pdf
"Waymo May 8, 2024 (PDF)",Waymo,2024-05-08,2024,https://www.dmv.ca.gov/portal/file/waymo_05082024-pdf/,waymo_05082024-pdf,reports/2024/waymo_05082024-pdf.pdf
"Waymo May 13, 2024 (PDF)",Waymo,2024-05-13,2024,https://www.dmv.ca.gov/portal/file/waymo_05132024-pdf/,waymo_05132024-pdf,reports/2024/waymo_05132024-pdf.pdf
"Pony.ai May 15, 2024 (PDF)",Pony.ai,2024-05-15,2024,https://www.dmv.ca.gov/portal/file/ponyai05152024-pdf/,ponyai05152024-pdf,reports/2024/ponyai05152024-pdf.pdf
"Waymo May 17, 2024 (PDF)",Waymo,2024-05-17,2024,https://www.dmv.ca.gov/portal/file/waymo_051724-pdf/,waymo_051724-pdf,reports/2024/waymo_051724-pdf.pdf
"Waymo May 20, 2024 (PDF)",Waymo,2024-05-20,2024,https://www.dmv.ca.gov/portal/file/waymo_052024-pdf/,waymo_052024-pdf,reports/2024/waymo_052024-pdf.pdf
"Nuro May 22, 2024 (PDF)",Nuro,2024-05-22,2024,https://www.dmv.ca.gov/portal/file/nuro_052224-pdf/,nuro_052224-pdf,reports/2024/nuro_052224-pdf.pdf
"Zoox May 30, 2024 (PDF)",Zoox,2024-05-30,2024,https://www.dmv.ca.gov/portal/file/zoox_05302024-pdf/,zoox_05302024-pdf,reports/2024/zoox_05302024-pdf.pdf
"Waymo June 3, 2024 (PDF)",Waymo,2024-06-03,2024,https://www.dmv.ca.gov/portal/file/waymo_06032024-pdf/,waymo_06032024-pdf,reports/2024/waymo_06032024-pdf.pdf
"Waymo June 4, 2024 (PDF)",Waymo,2024-06-04,2024,https://www.dmv.ca.gov/portal/file/waymo_06042024-pdf/,waymo_06042024-pdf,reports/2024/waymo_06042024-pdf.pdf
"Waymo June 5, 2024 (PDF)",Waymo,2024-06-05,2024,https://www.dmv.ca.gov/portal/file/waymo_06052024-pdf/,waymo_06052024-pdf,reports/2024/waymo_06052024-pdf.pdf
"WeRide June 10, 2024 (PDF)",WeRide,2024-06-10,2024,https://www.dmv.ca.gov/portal/file/weride_06102024-pdf/,weride_06102024-pdf,reports/2024/weride_06102024-pdf.pdf
"Waymo June 11, 2024 (PDF)",Waymo,2024-06-11,2024,https://www.dmv.ca.gov/portal/file/waymo_06112024-pdf/,waymo_06112024-pdf,reports/2024/waymo_06112024-pdf.pdf
"WeRide June 21, 2024 (PDF)",WeRide,2024-06-21,2024,https://www.dmv.ca.gov/portal/file/weride_06212024-pdf/,weride_06212024-pdf,reports/2024/weride_06212024-pdf.pdf
"Waymo July 2, 2024 (PDF)",Waymo,2024-07-02,2024,https://www.dmv.ca.gov/portal/file/waymo_07022024-pdf/,waymo_07022024-pdf,reports/2024/waymo_07022024-pdf.pdf
"Waymo July 6, 2024 (A) (PDF)",Waymo,2024-07-06,2024,https://www.dmv.ca.gov/portal/file/waymo_070624_a-pdf/,waymo_070624_a-pdf,reports/2024/waymo_070624_a-pdf.pdf
"Waymo July 6, 2024 (B) (PDF)",Waymo,2024-07-06,2024,https://www.dmv.ca.gov/portal/file/waymo_070624_b-pdf/,waymo_070624_b-pdf,reports/2024/waymo_070624_b-pdf.pdf
"Zoox July 11, 2024 (PDF)",Zoox,2024-07-11,2024,https://www.dmv.ca.gov/portal/file/zoox_071124-pdf/,zoox_071124-pdf,reports/2024/zoox_071124-pdf.pdf
"Zoox July 16, 2024 (PDF)",Zoox,2024-07-16,2024,https://www.dmv.ca.gov/portal/file/zoox_07162024-pdf/,zoox_07162024-pdf,reports/2024/zoox_07162024-pdf.pdf
"Waymo July 18, 2024 (PDF)",Waymo,2024-07-18,2024,https://www.dmv.ca.gov/portal/file/waymo_07182024-pdf/,waymo_07182024-pdf,reports/2024/waymo_07182024-pdf.pdf
"Waymo July 19, 2024 (PDF)",Waymo,2024-07-19,2024,https://www.dmv.ca.gov/portal/file/waymo_07192024-pdf/,waymo_07192024-pdf,reports/2024/waymo_07192024-pdf.pdf
"Zoox July 20, 2024 (PDF)",Zoox,2024-07-20,2024,https://www.dmv.ca.gov/portal/file/zoox_07202024-pdf/,zoox_07202024-pdf,reports/2024/zoox_07202024-pdf.pdf
"Zoox July 20, 2024 (A) (PDF)",Zoox,2024-07-20,2024,https://www.dmv.ca.gov/portal/file/zoox_07202024a-pdf/,zoox_07202024a-pdf,reports/2024/zoox_07202024a-pdf.pdf
"Zoox July 20, 2024 (B) (PDF)",Zoox,2024-07-20,2024,https://www.dmv.ca.gov/portal/file/zoox_07202024b-pdf/,zoox_07202024b-pdf,reports/2024/zoox_07202024b-pdf.pdf
"Waymo July 27, 2024 (PDF)",Waymo,2024-07-27,2024,https://www.dmv.ca.gov/portal/file/waymo_07272024-pdf/,waymo_07272024-pdf,reports/2024/waymo_07272024-pdf.pdf
"Waymo August 1, 2024 (PDF)",Waymo,2024-08-01,2024,https://www.dmv.ca.gov/portal/file/waymo_08012024-pdf/,waymo_08012024-pdf,reports/2024/waymo_08012024-pdf.pdf
"Zoox August 2, 2024 (PDF)",Zoox,2024-08-02,2024,https://www.dmv.ca.gov/portal/file/zoox_08022024-pdf/,zoox_08022024-pdf,reports/2024/zoox_08022024-pdf.pdf
"Waymo August 9, 2024 (PDF)",Waymo,2024-08-09,2024,https://www.dmv.ca.gov/portal/file/waymo_08092024-pdf/,waymo_08092024-pdf,reports/2024/waymo_08092024-pdf.pdf
"Waymo August 20, 2024 (PDF)",Waymo,2024-08-20,2024,https://www.dmv.ca.gov/portal/file/waymo_08202024-pdf/,waymo_08202024-pdf,reports/2024/waymo_08202024-pdf.pdf
"Waymo August 29, 2024 (PDF)",Waymo,2024-08-29,2024,https://www.dmv.ca.gov/portal/file/waymo_08292024-pdf/,waymo_08292024-pdf,reports/2024/waymo_08292024-pdf.pdf
"Waymo August 30, 2024 (1) (PDF)",Waymo,2024-08-30,2024,https://www.dmv.ca.gov/portal/file/waymo_083020241-pdf/,waymo_083020241-pdf,reports/2024/waymo_083020241-pdf.pdf
"Waymo August 30, 2024 (2) (PDF)",Waymo,2024-08-30,2024,https://www.dmv.ca.gov/portal/file/waymo_083020242-pdf/,waymo_083020242-pdf,reports/2024/waymo_083020242-pdf.pdf
"Waymo September 3, 2024 (PDF)",Waymo,2024-09-03,2024,https://www.dmv.ca.gov/portal/file/waymo_09032024-pdf/,waymo_09032024-pdf,reports/2024/waymo_09032024-pdf.pdf
"Zoox September 3, 2024 (PDF)",Zoox,2024-09-03,2024,https://www.dmv.ca.gov/portal/file/zoox_09032024-pdf/,zoox_09032024-pdf,reports/2024/zoox_09032024-pdf.pdf
"Waymo September 13, 2024 (PDF)",Waymo,2024-09-13,2024,https://www.dmv.ca.gov/portal/file/waymo_09132024-pdf/,waymo_09132024-pdf,reports/2024/waymo_09132024-pdf.pdf
"Waymo September 18, 2024 (PDF)",Waymo,2024-09-18,2024,https://www.dmv.ca.gov/portal/file/waymo_09182024-pdf/,waymo_09182024-pdf,reports/2024/waymo_09182024-pdf.pdf
"Waymo September 26, 2024 (PDF)",Waymo,2024-09-26,2024,https://www.dmv.ca.gov/portal/file/waymo_092624-pdf/,waymo_092624-pdf,reports/2024/waymo_092624-pdf.pdf
"Waymo September 27, 2024 (PDF)",Waymo,2024-09-27,2024,https://www.dmv.ca.gov/portal/file/waymo_092724-pdf/,waymo_092724-pdf,reports/2024/waymo_092724-pdf.pdf
"Waymo September 29, 2024 (PDF)",Waymo,2024-09-29,2024,https://www.dmv.ca.gov/portal/file/waymo_09292024-pdf/,waymo_09292024-pdf,reports/2024/waymo_09292024-pdf.pdf
"Zoox September 29, 2024 (PDF)",Zoox,2024-09-29,2024,https://www.dmv.ca.gov/portal/file/zoox_09292024-pdf/,zoox_09292024-pdf,reports/2024/zoox_09292024-pdf.pdf
"Waymo October 3, 2024 (PDF)",Waymo,2024-10-03,2024,https://www.dmv.ca.gov/portal/file/waymo_10032024-pdf/,waymo_10032024-pdf,reports/2024/waymo_10032024-pdf.pdf
"Zoox October 6, 2024 (PDF)",Zoox,2024-10-06,2024,https://www.dmv.ca.gov/portal/file/zoox_100624-pdf/,zoox_100624-pdf,reports/2024/zoox_100624-pdf.pdf
"Zoox October 10, 2024 (PDF)",Zoox,2024-10-10,2024,https://www.dmv.ca.gov/portal/file/zoox_101024-pdf/,zoox_101024-pdf,reports/2024/zoox_101024-pdf.pdf
"Waymo October 14, 2024 (PDF)",Waymo,2024-10-14,2024,https://www.dmv.ca.gov/portal/file/waymo_101424-pdf/,waymo_101424-pdf,reports/2024/waymo_101424-pdf.pdf
"Waymo October 16, 2024 (PDF)",Waymo,2024-10-16,2024,https://www.dmv.ca.gov/portal/file/waymo_101624-pdf/,waymo_101624-pdf,reports/2024/waymo_101624-pdf.pdf
"Woven by Toyota October 16, 2024",Woven by Toyota,2024-10-16,2024,https://www.dmv.ca.gov/portal/file/woven_101624/,woven_101624,reports/2024/woven_101624.pdf
"Waymo October 19, 2024 (PDF)",Waymo,2024-10-19,2024,https://www.dmv.ca.gov/portal/file/waymo_101924-pdf/,waymo_101924-pdf,reports/2024/waymo_101924-pdf.pdf
"Waymo October 20, 2024 (PDF)",Waymo,2024-10-20,2024,https://www.dmv.ca.gov/portal/file/waymo_102024-pdf/,waymo_102024-pdf,reports/2024/waymo_102024-pdf.pdf
"Zoox October 24, 2024 (PDF)",Zoox,2024-10-24,2024,https://www.dmv.ca.gov/portal/file/zoox_102424-pdf/,zoox_102424-pdf,reports/2024/zoox_102424-pdf.pdf
"Waymo November 3, 2024 (1) (PDF)",Waymo,2024-11-03,2024,https://www.dmv.ca.gov/portal/file/waymo_110324_1-pdf/,waymo_110324_1-pdf,reports/2024/waymo_110324_1-pdf.pdf
"Waymo November 3, 2024 (2) (PDF)",Waymo,2024-11-03,2024,https://www.dmv.ca.gov/portal/file/waymo_110324_2-pdf/,waymo_110324_2-pdf,reports/2024/waymo_110324_2-pdf.pdf
"Waymo November 4, 2024 (PDF)",Waymo,2024-11-04,2024,https://www.dmv.ca.gov/portal/file/waymo_110424-pdf/,waymo_110424-pdf,reports/2024/waymo_110424-pdf.pdf
"Waymo November 5, 2024 (PDF)",Waymo,2024-11-05,2024,https://www.dmv.ca.gov/portal/file/waymo_110524-pdf/,waymo_110524-pdf,reports/2024/waymo_110524-pdf.pdf
"Waymo November 8, 2024 (PDF)",Waymo,2024-11-08,2024,https://www.dmv.ca.gov/portal/file/waymo_110824-pdf/,waymo_110824-pdf,reports/2024/waymo_110824-pdf.pdf
"Waymo November 26, 2024 (PDF)",Waymo,2024-11-26,2024,https://www.dmv.ca.gov/portal/file/waymo_11262024-pdf/,waymo_11262024-pdf,reports/2024/waymo_11262024-pdf.pdf
"Waymo November 26, 2024 (PDF)",Waymo,2024-11-26,2024,https://www.dmv.ca.gov/portal/file/waymo_11262024b-pdf/,waymo_11262024b-pdf,reports/2024/waymo_11262024b-pdf.pdf
"Waymo November 27, 2024 (PDF)",Waymo,2024-11-27,2024,https://www.dmv.ca.gov/portal/file/waymo_11272024-pdf/,waymo_11272024-pdf,reports/2024/waymo_11272024-pdf.pdf
"WeRide Corp November 27, 2024 (PDF)",WeRide Corp,2024-11-27,2024,https://www.dmv.ca.gov/portal/file/weride_11272024-pdf/,weride_11272024-pdf,reports/2024/weride_11272024-pdf.pdf
"Waymo November 30, 2024 (PDF)",Waymo,2024-11-30,2024,https://www.dmv.ca.gov/portal/file/waymo_11302024-pdf/,waymo_11302024-pdf,reports/2024/waymo_11302024-pdf.pdf
"Waymo December 2, 2024 (2) (PDF)",Waymo,2024-12-02,2024,https://www.dmv.ca.gov/portal/file/waym0_120220242-pdf/,waym0_120220242-pdf,reports/2024/waym0_120220242-pdf.pdf
"Waymo December 2, 2024 (1) (PDF)",Waymo,2024-12-02,2024,https://www.dmv.ca.gov/portal/file/waymo_120220241-pdf/,waymo_120220241-pdf,reports/2024/waymo_120220241-pdf.pdf
"Zoox December 8, 2024 (PDF)",Zoox,2024-12-08,2024,https://www.dmv.ca.gov/portal/file/zoox-12082024-pdf/,zoox-12082024-pdf,reports/2024/zoox-12082024-pdf.pdf
"Waymo December 11, 2024 (PDF)",Waymo,2024-12-11,2024,https://www.dmv.ca.gov/portal/file/waymo-12112024-pdf/,waymo-12112024-pdf,reports/2024/waymo-12112024-pdf.pdf
"Pony.ai December 12, 2024 (PDF)",Pony.ai,2024-12-12,2024,https://www.dmv.ca.gov/portal/file/pony-ai_12122024-pdf/,pony-ai_12122024-pdf,reports/2024/pony-ai_12122024-pdf.pdf
"Waymo December 14, 2024 (PDF)",Waymo,2024-12-14,2024,https://www.dmv.ca.gov/portal/file/waymo_121424-pdf/,waymo_121424-pdf,reports/2024/waymo_121424-pdf.pdf
"Waymo December 16, 2024 (PDF)",Waymo,2024-12-16,2024,https://www.dmv.ca.gov/portal/file/waymo_121624-pdf/,waymo_121624-pdf,reports/2024/waymo_121624-pdf.pdf
"Waymo December 17, 2024 (PDF)",Waymo,2024-12-17,2024,https://www.dmv.ca.gov/portal/file/waymo_12172024-pdf/,waymo_12172024-pdf,reports/2024/waymo_12172024-pdf.pdf
"Zoox December 18, 2024 (PDF)",Zoox,2024-12-18,2024,https://www.dmv.ca.gov/portal/file/zoox_121824-pdf/,zoox_121824-pdf,reports/2024/zoox_121824-pdf.pdf
"Waymo December 20, 2024 (PDF)",Waymo,2024-12-20,2024,https://www.dmv.ca.gov/portal/file/waymo_12202024-pdf/,waymo_12202024-pdf,reports/2024/waymo_12202024-pdf.pdf
"Waymo December 20, 2024 (A) (PDF)",Waymo,2024-12-20,2024,https://www.dmv.ca.gov/portal/file/waymo_12202024a-pdf/,waymo_12202024a-pdf,reports/2024/waymo_12202024a-pdf.pdf
"Waymo December 20, 2024 Narrative (B) (PDF)",Waymo,2024-12-20,2024,https://www.dmv.ca.gov/portal/file/waymo_12202024b-pdf/,waymo_12202024b-pdf,reports/2024/waymo_12202024b-pdf.pdf
"Waymo December 25, 2024 (PDF)",Waymo,2024-12-25,2024,https://www.dmv.ca.gov/portal/file/waymo_122524-pdf/,waymo_122524-pdf,reports/2024/waymo_122524-pdf.pdf
"Waymo December 27, 2024 (PDF)",Waymo,2024-12-27,2024,https://www.dmv.ca.gov/portal/file/waymo_12272024-pdf/,waymo_12272024-pdf,reports/2024/waymo_12272024-pdf.pdf
"Zoox January 4, 2025 (PDF)",Zoox,2025-01-04,2025,https://www.dmv.ca.gov/portal/file/zoox_010425-pdf/,zoox_010425-pdf,reports/2025/zoox_010425-pdf.pdf
"Waymo January 7, 2025 (PDF)",Waymo,2025-01-07,2025,https://www.dmv.ca.gov/portal/file/waymo_010725-pdf/,waymo_010725-pdf,reports/2025/waymo_010725-pdf.pdf
"Zoox January 8, 2025 (PDF)",Zoox,2025-01-08,2025,https://www.dmv.ca.gov/portal/file/zoox_010825-pdf/,zoox_010825-pdf,reports/2025/zoox_010825-pdf.pdf
"Waymo January 11, 2025 (1) (PDF)",Waymo,2025-01-11,2025,https://www.dmv.ca.gov/portal/file/waymo_011125_1-pdf/,waymo_011125_1-pdf,reports/2025/waymo_011125_1-pdf.pdf
"Waymo January 11, 2025 (2) (PDF)",Waymo,2025-01-11,2025,https://www.dmv.ca.gov/portal/file/waymo_011125_2-pdf/,waymo_011125_2-pdf,reports/2025/waymo_011125_2-pdf.pdf
"May Mobility January 14, 2025 (PDF)",,2025-01-14,2025,https://www.dmv.ca.gov/portal/file/may_mobility_011425-pdf/,may_mobility_011425-pdf,reports/2025/may_mobility_011425-pdf.pdf
"Waymo January 15, 2025 (PDF)",Waymo,2025-01-15,2025,https://www.dmv.ca.gov/portal/file/waymo_011525-pdf/,waymo_011525-pdf,reports/2025/waymo_011525-pdf.pdf
"Zoox January 17, 2025 (PDF)",Zoox,2025-01-17,2025,https://www.dmv.ca.gov/portal/file/zoox_011725-pdf/,zoox_011725-pdf,reports/2025/zoox_011725-pdf.pdf
"Waymo January 21, 2025 (PDF)",Waymo,2025-01-21,2025,https://www.dmv.ca.gov/portal/file/waymo_012125-pdf/,waymo_012125-pdf,reports/2025/waymo_012125-pdf.pdf
"Waymo January 23, 2025 (PDF)",Waymo,2025-01-23,2025,https://www.dmv.ca.gov/portal/file/waymo_012325-pdf/,waymo_012325-pdf,reports/2025/waymo_012325-pdf.pdf
"Zoox January 23, 2025 (PDF)",Zoox,2025-01-23,2025,https://www.dmv.ca.gov/portal/file/zoox_012325-pdf/,zoox_012325-pdf,reports/2025/zoox_012325-pdf.pdf
"Zoox January 26, 2025 (PDF)",Zoox,2025-01-26,2025,https://www.dmv.ca.gov/portal/file/zoox_012625_redacted-pdf/,zoox_012625_redacted-pdf,reports/2025/zoox_012625_redacted-pdf.pdf
"Zoox January 29, 2025 (PDF)",Zoox,2025-01-29,2025,https://www.dmv.ca.gov/portal/file/zoox_012925_redacted-pdf/,zoox_012925_redacted-pdf,reports/2025/zoox_012925_redacted-pdf.pdf
"Waymo February 3, 2025 (PDF)",Waymo,2025-02-03,2025,https://www.dmv.ca.gov/portal/file/waymo_020325-pdf/,waymo_020325-pdf,reports/2025/waymo_020325-pdf.pdf
"AutoX February 5, 2025 (PDF)",AutoX,2025-02-05,2025,https://www.dmv.ca.gov/portal/file/autox_020525_redacted-pdf/,autox_020525_redacted-pdf,reports/2025/autox_020525_redacted-pdf.pdf
"Mercedes-Benz February 7, 2025 (PDF)",Mercedes-Benz,2025-02-07,2025,https://www.dmv.ca.gov/portal/file/mercedes_020725_redacted-pdf/,mercedes_020725_redacted-pdf,reports/2025/mercedes_020725_redacted-pdf.pdf
"Waymo February 14, 2025 (PDF)",Waymo,2025-02-14,2025,https://www.dmv.ca.gov/portal/file/waymo_02142025-pdf/,waymo_02142025-pdf,reports/2025/waymo_02142025-pdf.pdf
"Zoox February 18, 2025 (PDF)",Zoox,2025-02-18,2025,https://www.dmv.ca.gov/portal/file/zoox_02182025-pdf/,zoox_02182025-pdf,reports/2025/zoox_02182025-pdf.pdf
"Zoox February 19, 2025 (PDF)",Zoox,2025-02-19,2025,https://www.dmv.ca.gov/portal/file/zoox_02192025-pdf/,zoox_02192025-pdf,reports/2025/zoox_02192025-pdf.pdf
"Zoox February 23, 2025 (PDF)",Zoox,2025-02-23,2025,https://www.dmv.ca.gov/portal/file/zoox_022325-pdf/,zoox_022325-pdf,reports/2025/zoox_022325-pdf.pdf
"Waymo March 12, 2025 (PDF)",Waymo,2025-03-12,2025,https://www.dmv.ca.gov/portal/file/waymo_03122025-pdf/,waymo_03122025-pdf,reports/2025/waymo_03122025-pdf.pdf
"Waymo March 14, 2025 (PDF)",Waymo,2025-03-14,2025,https://www.dmv.ca.gov/portal/file/waymo_03142025-pdf/,waymo_03142025-pdf,reports/2025/waymo_03142025-pdf.pdf
"Waymo March 16, 2025 (PDF)",Waymo,2025-03-16,2025,https://www.dmv.ca.gov/portal/file/waymo_03162025-pdf/,waymo_03162025-pdf,reports/2025/waymo_03162025-pdf.pdf
"Waymo March 20, 2025 (PDF)",Waymo,2025-03-20,2025,https://www.dmv.ca.gov/portal/file/waymo_032025-pdf/,waymo_032025-pdf,reports/2025/waymo_032025-pdf.pdf
"Waymo March 27, 2025 (PDF)",Waymo,2025-03-27,2025,https://www.dmv.ca.gov/portal/file/waymo_032725-pdf/,waymo_032725-pdf,reports/2025/waymo_032725-pdf.pdf
"Waymo March 28, 2025 (PDF)",Waymo,2025-03-28,2025,https://www.dmv.ca.gov/portal/file/waymo_032825-pdf/,waymo_032825-pdf,reports/2025/waymo_032825-pdf.pdf
"Zoox, Inc. March 28, 2025 (PDF)","Zoox, Inc.",2025-03-28,2025,https://www.dmv.ca.gov/portal/file/zoox_032825-pdf/,zoox_032825-pdf,reports/2025/zoox_032825-pdf.pdf
"Pony.ai March 29, 2025 (PDF)",Pony.ai,2025-03-29,2025,https://www.dmv.ca.gov/portal/file/pony-ai_032925-pdf/,pony-ai_032925-pdf,reports/2025/pony-ai_032925-pdf.pdf
"Zoox April 4, 2025 (PDF)",Zoox,2025-04-04,2025,https://www.dmv.ca.gov/portal/file/zoox_040425-pdf/,zoox_040425-pdf,reports/2025/zoox_040425-pdf.pdf
"Zoox April 4, 2025 Narrative (PDF)",Zoox,2025-04-04,2025,https://www.dmv.ca.gov/portal/file/zoox_040425_narrative-pdf/,zoox_040425_narrative-pdf,reports/2025/zoox_040425_narrative-pdf.pdf
"Zoox April 11, 2025 (PDF)",Zoox,2025-04-11,2025,https://www.dmv.ca.gov/portal/file/zoox_04112025/,zoox_04112025,reports/2025/zoox_04112025.pdf
"Zoox April 24, 2025 (PDF)",Zoox,2025-04-24,2025,https://www.dmv.ca.gov/portal/file/zoox_04242025-pdf/,zoox_04242025-pdf,reports/2025/zoox_04242025-pdf.pdf
"Waymo April 25, 2025 (PDF)",Waymo,2025-04-25,2025,https://www.dmv.ca.gov/portal/file/waymo_04252025-pdf/,waymo_04252025-pdf,reports/2025/waymo_04252025-pdf.pdf
"Waymo April 26, 2025 (PDF)",Waymo,2025-04-26,2025,https://www.dmv.ca.gov/portal/file/waymo_04262025-pdf/,waymo_04262025-pdf,reports/2025/waymo_04262025-pdf.pdf
"Waymo May 1, 2025 (PDF)",Waymo,2025-05-01,2025,https://www.dmv.ca.gov/portal/file/waymo_05012025-pdf/,waymo_05012025-pdf,reports/2025/waymo_05012025-pdf.pdf
"WeRide Corp May 2, 2025 (PDF)",WeRide Corp,2025-05-02,2025,https://www.dmv.ca.gov/portal/file/weride_05022025-pdf/,weride_05022025-pdf,reports/2025/weride_05022025-pdf.pdf
"Zoox May 05, 2025 (PDF)",Zoox,2025-05-05,2025,https://www.dmv.ca.gov/portal/file/zoox_05052025-pdf/,zoox_05052025-pdf,reports/2025/zoox_05052025-pdf.pdf
"Zoox May 08, 2025 (PDF)",Zoox,2025-05-08,2025,https://www.dmv.ca.gov/portal/file/zoox_05082025-pdf/,zoox_05082025-pdf,reports/2025/zoox_05082025-pdf.pdf
"Waymo May 10, 2025 (1) (PDF)",Waymo,2025-05-10,2025,https://www.dmv.ca.gov/portal/file/waymo_05102025_1-pdf/,waymo_05102025_1-pdf,reports/2025/waymo_05102025_1-pdf.pdf
"Waymo May 10, 2025 (2) (PDF)",Waymo,2025-05-10,2025,https://www.dmv.ca.gov/portal/file/waymo_05102025_2-pdf/,waymo_05102025_2-pdf,reports/2025/waymo_05102025_2-pdf.pdf
"Zoox May 10, 2025 (1) (PDF)",Zoox,2025-05-10,2025,https://www.dmv.ca.gov/portal/file/zoox_05102025_1-pdf/,zoox_05102025_1-pdf,reports/2025/zoox_05102025_1-pdf.pdf
"Zoox May 10, 2025 (2) (PDF)",Zoox,2025-05-10,2025,https://www.dmv.ca.gov/portal/file/zoox_05102025_2-pdf/,zoox_05102025_2-pdf,reports/2025/zoox_05102025_2-pdf.pdf
"Zoox May 13, 2025 (PDF)",Zoox,2025-05-13,2025,https://www.dmv.ca.gov/portal/file/zoox_05132025-pdf/,zoox_05132025-pdf,reports/2025/zoox_05132025-pdf.pdf
"Waymo May 14, 2025 (PDF)",Waymo,2025-05-14,2025,https://www.dmv.ca.gov/portal/file/waymo_05142025-pdf/,waymo_05142025-pdf,reports/2025/waymo_05142025-pdf.pdf
"Zoox May 21, 2025 (PDF)",Zoox,2025-05-21,2025,https://www.dmv.ca.gov/portal/file/zoox_05212025-pdf/,zoox_05212025-pdf,reports/2025/zoox_05212025-pdf.pdf
"Waymo May 29, 2025 (PDF)",Waymo,2025-05-29,2025,https://www.dmv.ca.gov/portal/file/waymo_05292025-pdf/,waymo_05292025-pdf,reports/2025/waymo_05292025-pdf.pdf
"Zoox May 29, 2025 (PDF)",Zoox,2025-05-29,2025,https://www.dmv.ca.gov/portal/file/zoox_05292025-pdf/,zoox_05292025-pdf,reports/2025/zoox_05292025-pdf.pdf
"Nuro June 10, 2025 (PDF)",Nuro,2025-06-10,2025,https://www.dmv.ca.gov/portal/file/nuro_06102025-pdf/,nuro_06102025-pdf,reports/2025/nuro_06102025-pdf.pdf
"Waymo June 12, 2025 (PDF)",Waymo,2025-06-12,2025,https://www.dmv.ca.gov/portal/file/waymo_06122025-pdf/,waymo_06122025-pdf,reports/2025/waymo_06122025-pdf.pdf
"Zoox June 12, 2025 (PDF)",Zoox,2025-06-12,2025,https://www.dmv.ca.gov/portal/file/zoox_06122025-pdf/,zoox_06122025-pdf,reports/2025/zoox_06122025-pdf.pdf
"Waymo June 17, 2025 (PDF)",Waymo,2025-06-17,2025,https://www.dmv.ca.gov/portal/file/waymo_06172025-pdf/,waymo_06172025-pdf,reports/2025/waymo_06172025-pdf.pdf
"Zoox June 18, 2025 (PDF)",Zoox,2025-06-18,2025,https://www.dmv.ca.gov/portal/file/zoox_06182025-pdf/,zoox_06182025-pdf,reports/2025/zoox_06182025-pdf.pdf
"Waymo June 20, 2025 (PDF)",Waymo,2025-06-20,2025,https://www.dmv.ca.gov/portal/file/waymo_06202025-pdf/,waymo_06202025-pdf,reports/2025/waymo_06202025-pdf.pdf
"Zoox June 20, 2025 (PDF)",Zoox,2025-06-20,2025,https://www.dmv.ca.gov/portal/file/zoox_06202025-pdf/,zoox_06202025-pdf,reports/2025/zoox_06202025-pdf.pdf
"Waymo June 21, 2025 (PDF)",Waymo,2025-06-21,2025,https://www.dmv.ca.gov/portal/file/waymo_06212025-pdf/,waymo_06212025-pdf,reports/2025/waymo_06212025-pdf.pdf
"Zoox June 23, 2025 (PDF)",Zoox,2025-06-23,2025,https://www.dmv.ca.gov/portal/file/zoox_06232025-pdf/,zoox_06232025-pdf,reports/2025/zoox_06232025-pdf.pdf
"Zoox June 26, 2025 (PDF)",Zoox,2025-06-26,2025,https://www.dmv.ca.gov/portal/file/zoox_06262025-pdf/,zoox_06262025-pdf,reports/2025/zoox_06262025-pdf.pdf
"Waymo July 2, 2025 (PDF)",Waymo,2025-07-02,2025,https://www.dmv.ca.gov/portal/file/waymo_07022025-pdf/,waymo_07022025-pdf,reports/2025/waymo_07022025-pdf.pdf
"Zoox July 7, 2025 (PDF)",Zoox,2025-07-07,2025,https://www.dmv.ca.gov/portal/file/zoox_070725-pdf/,zoox_070725-pdf,reports/2025/zoox_070725-pdf.pdf
"Waymo July 16, 2025 (1) (PDF)",Waymo,2025-07-16,2025,https://www.dmv.ca.gov/portal/file/waymo_071625_1-pdf/,waymo_071625_1-pdf,reports/2025/waymo_071625_1-pdf.pdf
"Waymo July 16, 2025 (2) (PDF)",Waymo,2025-07-16,2025,https://www.dmv.ca.gov/portal/file/waymo_071625_2-pdf/,waymo_071625_2-pdf,reports/2025/waymo_071625_2-pdf.pdf
"Zoox July 18, 2025 (PDF)",Zoox,2025-07-18,2025,https://www.dmv.ca.gov/portal/file/zoox_071825-pdf/,zoox_071825-pdf,reports/2025/zoox_071825-pdf.pdf
"Zoox July 19, 2025 (PDF)",Zoox,2025-07-19,2025,https://www.dmv.ca.gov/portal/file/zoox_071925-pdf/,zoox_071925-pdf,reports/2025/zoox_071925-pdf.pdf
"Waymo July 20, 2025 (PDF)",Waymo,2025-07-20,2025,https://www.dmv.ca.gov/portal/file/waymo_07202025-pdf/,waymo_07202025-pdf,reports/2025/waymo_07202025-pdf.pdf
"Waymo July 21, 2025 (PDF)",Waymo,2025-07-21,2025,https://www.dmv.ca.gov/portal/file/waymo_07212025-pdf/,waymo_07212025-pdf,reports/2025/waymo_07212025-pdf.pdf
"Waymo July 22, 2025 (PDF)",Waymo,2025-07-22,2025,https://www.dmv.ca.gov/portal/file/waymo_072225-pdf/,waymo_072225-pdf,reports/2025/waymo_072225-pdf.pdf
"Waymo July 23, 2025 (PDF)",Waymo,2025-07-23,2025,https://www.dmv.ca.gov/portal/file/waymo_072325-pdf/,waymo_072325-pdf,reports/2025/waymo_072325-pdf.pdf
"Waymo July 26, 2025 (PDF)",Waymo,2025-07-26,2025,https://www.dmv.ca.gov/portal/file/waymo_072625-pdf/,waymo_072625-pdf,reports/2025/waymo_072625-pdf.pdf
"Zoox July 27, 2025 (PDF)",Zoox,2025-07-27,2025,https://www.dmv.ca.gov/portal/file/zoox_072725-pdf/,zoox_072725-pdf,reports/2025/zoox_072725-pdf.pdf
"Waymo July 29, 2025 (PDF)",Waymo,2025-07-29,2025,https://www.dmv.ca.gov/portal/file/waymo_072925-pdf/,waymo_072925-pdf,reports/2025/waymo_072925-pdf.pdf
"Nuro July 30, 2025 (PDF)",Nuro,2025-07-30,2025,https://www.dmv.ca.gov/portal/file/nuro_073025-pdf/,nuro_073025-pdf,reports/2025/nuro_073025-pdf.pdf
"Waymo July 31, 2025 (1) (PDF)",Waymo,2025-07-31,2025,https://www.dmv.ca.gov/portal/file/waymo_073125_1-pdf/,waymo_073125_1-pdf,reports/2025/waymo_073125_1-pdf.pdf
"Waymo July 31, 2025 (2) (PDF)",Waymo,2025-07-31,2025,https://www.dmv.ca.gov/portal/file/waymo_073125_2-pdf/,waymo_073125_2-pdf,reports/2025/waymo_073125_2-pdf.pdf
"Zoox August 7, 2025 (PDF)",Zoox,2025-08-07,2025,https://www.dmv.ca.gov/portal/file/zoox_080725-pdf/,zoox_080725-pdf,reports/2025/zoox_080725-pdf.pdf
"Waymo August 10, 2025 (PDF)",Waymo,2025-08-10,2025,https://www.dmv.ca.gov/portal/file/waymo_081025_redacted-pdf/,waymo_081025_redacted-pdf,reports/2025/waymo_081025_redacted-pdf.pdf
"Waymo August 21, 2025 (1) (PDF)",Waymo,2025-08-21,2025,https://www.dmv.ca.gov/portal/file/waymo_082125-1-pdf/,waymo_082125-1-pdf,reports/2025/waymo_082125-1-pdf.pdf
"Waymo August 21, 2025 (2) (PDF)",Waymo,2025-08-21,2025,https://www.dmv.ca.gov/portal/file/waymo_082125-2-pdf/,waymo_082125-2-pdf,reports/2025/waymo_082125-2-pdf.pdf
Waymo August 21 2025 (3) (PDF),Waymo,2025-08-21,2025,https://www.dmv.ca.gov/portal/file/waymo_082125-3-pdf/,waymo_082125-3-pdf,reports/2025/waymo_082125-3-pdf.pdf
"Zoox August 21, 2025 (PDF)",Zoox,2025-08-21,2025,https://www.dmv.ca.gov/portal/file/zoox_082125_redacted-pdf,zoox_082125_redacted-pdf,reports/2025/zoox_082125_redacted-pdf.pdf
"Waymo August 22, 2025 (PDF)",Waymo,2025-08-22,2025,https://www.dmv.ca.gov/portal/file/waymo_082225-pdf/,waymo_082225-pdf,reports/2025/waymo_082225-pdf.pdf
"Ohmio August 23, 2025 (PDF)",Ohmio,2025-08-23,2025,https://www.dmv.ca.gov/portal/file/ohmio_08232025-pdf/,ohmio_08232025-pdf,reports/2025/ohmio_08232025-pdf.pdf
"Waymo August 24, 2025 (PDF)",Waymo,2025-08-24,2025,https://www.dmv.ca.gov/portal/file/waymo_082425-pdf/,waymo_082425-pdf,reports/2025/waymo_082425-pdf.pdf
"Zoox August 26, 2025 (PDF)",Zoox,2025-08-26,2025,https://www.dmv.ca.gov/portal/file/zoox_082625-pdf/,zoox_082625-pdf,reports/2025/zoox_082625-pdf.pdf
"Waymo August 29, 2025 (PDF)",Waymo,2025-08-29,2025,https://www.dmv.ca.gov/portal/file/waymo_082925-pdf/,waymo_082925-pdf,reports/2025/waymo_082925-pdf.pdf
"Waymo September 1, 2025 (PDF)",Waymo,2025-09-01,2025,https://www.dmv.ca.gov/portal/file/waymo_090125_redacted-pdf/,waymo_090125_redacted-pdf,reports/2025/waymo_090125_redacted-pdf.pdf
"Nuro September 2, 2025 (PDF)",Nuro,2025-09-02,2025,https://www.dmv.ca.gov/portal/file/nuro_090225_redeacted-pdf/,nuro_090225_redeacted-pdf,reports/2025/nuro_090225_redeacted-pdf.pdf
"Waymo September 3, 2025 (PDF)",Waymo,2025-09-03,2025,https://www.dmv.ca.gov/portal/file/waymo_09032025-pdf/,waymo_09032025-pdf,reports/2025/waymo_09032025-pdf.pdf
"Zoox September 9, 2025 (PDF)",Zoox,2025-09-09,2025,https://www.dmv.ca.gov/portal/file/zoox_090925_redacted-pdf/,zoox_090925_redacted-pdf,reports/2025/zoox_090925_redacted-pdf.pdf
"Waymo September 10, 2025 (PDF)",Waymo,2025-09-10,2025,https://www.dmv.ca.gov/portal/file/waymo_091025_redacted-pdf/,waymo_091025_redacted-pdf,reports/2025/waymo_091025_redacted-pdf.pdf
"Waymo September 11, 2025 (PDF)",Waymo,2025-09-11,2025,https://www.dmv.ca.gov/portal/file/waymo_091125_redacted-pdf/,waymo_091125_redacted-pdf,reports/2025/waymo_091125_redacted-pdf.pdf
"Zoox September 18, 2025 (PDF)",Zoox,2025-09-18,2025,https://www.dmv.ca.gov/portal/file/zoox_091825_redacted-pdf/,zoox_091825_redacted-pdf,reports/2025/zoox_091825_redacted-pdf.pdf
"Waymo September 19, 2025 (PDF)",Waymo,2025-09-19,2025,https://www.dmv.ca.gov/portal/file/waymo_09192025-pdf/,waymo_09192025-pdf,reports/2025/waymo_09192025-pdf.pdf
"Waymo September 23, 2025 (PDF)",Waymo,2025-09-23,2025,https://www.dmv.ca.gov/portal/file/waymo_09232025-pdf/,waymo_09232025-pdf,reports/2025/waymo_09232025-pdf.pdf
"Waymo September 24, 2025 (PDF)",Waymo,2025-09-24,2025,https://www.dmv.ca.gov/portal/file/waymo_09242025-pdf/,waymo_09242025-pdf,reports/2025/waymo_09242025-pdf.pdf
"Waymo September 25, 2025 (PDF)",Waymo,2025-09-25,2025,https://www.dmv.ca.gov/portal/file/waymo_09252025-pdf/,waymo_09252025-pdf,reports/2025/waymo_09252025-pdf.pdf
"Waymo September 26, 2025 (PDF)",Waymo,2025-09-26,2025,https://www.dmv.ca.gov/portal/file/waymo_09262025-pdf/,waymo_09262025-pdf,reports/2025/waymo_09262025-pdf.pdf
"Waymo September 28, 2025 (PDF)",Waymo,2025-09-28,2025,https://www.dmv.ca.gov/portal/file/waymo_09282025-pdf/,waymo_09282025-pdf,reports/2025/waymo_09282025-pdf.pdf
"Zoox September 28, 2025 (PDF)",Zoox,2025-09-28,2025,https://www.dmv.ca.gov/portal/file/zoox_09282025-pdf/,zoox_09282025-pdf,reports/2025/zoox_09282025-pdf.pdf
"Waymo October 3, 2025 (PDF)",Waymo,2025-10-03,2025,https://www.dmv.ca.gov/portal/file/waymo_100325_redacted-pdf/,waymo_100325_redacted-pdf,reports/2025/waymo_100325_redacted-pdf.pdf
"Waymo October 4, 2025 (PDF)",Waymo,2025-10-04,2025,https://www.dmv.ca.gov/portal/file/waymo_100425_redacted-pdf/,waymo_100425_redacted-pdf,reports/2025/waymo_100425_redacted-pdf.pdf
"Waymo October 7, 2025 (PDF)",Waymo,2025-10-07,2025,https://www.dmv.ca.gov/portal/file/waymo_100725_redacted-pdf/,waymo_100725_redacted-pdf,reports/2025/waymo_100725_redacted-pdf.pdf
"Waymo October 9, 2025 (1) (PDF)",Waymo,2025-10-09,2025,https://www.dmv.ca.gov/portal/file/waymo_100925_redacted_1-pdf/,waymo_100925_redacted_1-pdf,reports/2025/waymo_100925_redacted_1-pdf.pdf
"Waymo October 9, 2025 (2) (PDF)",Waymo,2025-10-09,2025,https://www.dmv.ca.gov/portal/file/waymo_100925_redacted_2-pdf/,waymo_100925_redacted_2-pdf,reports/2025/waymo_100925_redacted_2-pdf.pdf
"Waymo October 11, 2025 (PDF)",Waymo,2025-10-11,2025,https://www.dmv.ca.gov/portal/file/waymo_101125_redacted-pdf/,waymo_101125_redacted-pdf,reports/2025/waymo_101125_redacted-pdf.pdf
"Waymo October 12, 2025 (PDF)",Waymo,2025-10-12,2025,https://www.dmv.ca.gov/portal/file/waymo_101225_redacted-pdf/,waymo_101225_redacted-pdf,reports/2025/waymo_101225_redacted-pdf.pdf
"Waymo October 14, 2025 (PDF)",Waymo,2025-10-14,2025,https://www.dmv.ca.gov/portal/file/waymo_101425_redacted-pdf/,waymo_101425_redacted-pdf,reports/2025/waymo_101425_redacted-pdf.pdf
"Waymo October 15, 2025 (PDF)",Waymo,2025-10-15,2025,https://www.dmv.ca.gov/portal/file/waymo_101525_redacted-pdf/,waymo_101525_redacted-pdf,reports/2025/waymo_101525_redacted-pdf.pdf
"Zoox October 15, 2025 (PDF)",Zoox,2025-10-15,2025,https://www.dmv.ca.gov/portal/file/zoox_101525-pdf/,zoox_101525-pdf,reports/2025/zoox_101525-pdf.pdf
"Waymo October 17, 2025 (PDF)",Waymo,2025-10-17,2025,https://www.dmv.ca.gov/portal/file/waymo_101725-pdf/,waymo_101725-pdf,reports/2025/waymo_101725-pdf.pdf
"Waymo October 20, 2025 (PDF)",Waymo,2025-10-20,2025,https://www.dmv.ca.gov/portal/file/waymo_102025-pdf/,waymo_102025-pdf,reports/2025/waymo_102025-pdf.pdf
"Waymo October 22, 2025 (PDF)",Waymo,2025-10-22,2025,https://www.dmv.ca.gov/portal/file/waymo_102225-pdf/,waymo_102225-pdf,reports/2025/waymo_102225-pdf.pdf
"Zoox October 23, 2025 (PDF)",Zoox,2025-10-23,2025,https://www.dmv.ca.gov/portal/file/zoox_102325-pdf/,zoox_102325-pdf,reports/2025/zoox_102325-pdf.pdf
"Waymo October 30, 2025 (PDF)",Waymo,2025-10-30,2025,https://www.dmv.ca.gov/portal/file/waymo_103025-pdf/,waymo_103025-pdf,reports/2025/waymo_103025-pdf.pdf
"Waymo November 6, 2025 (PDF)",Waymo,2025-11-06,2025,https://www.dmv.ca.gov/portal/file/waymo_110625-pdf/,waymo_110625-pdf,reports/2025/waymo_110625-pdf.pdf
"Waymo November 10, 2025 (PDF)",Waymo,2025-11-10,2025,https://www.dmv.ca.gov/portal/file/waymo_111025-pdf/,waymo_111025-pdf,reports/2025/waymo_111025-pdf.pdf
"Waymo November 11, 2025 (PDF)",Waymo,2025-11-11,2025,https://www.dmv.ca.gov/portal/file/waymo_111125-pdf/,waymo_111125-pdf,reports/2025/waymo_111125-pdf.pdf
"Waymo November 12, 2025 (PDF)",Waymo,2025-11-12,2025,https://www.dmv.ca.gov/portal/file/waymo_111225-pdf/,waymo_111225-pdf,reports/2025/waymo_111225-pdf.pdf
"Tensor November 18, 2025 (PDF)",Tensor,2025-11-18,2025,https://www.dmv.ca.gov/portal/file/tensor_111825-pdf/,tensor_111825-pdf,reports/2025/tensor_111825-pdf.pdf
"Waymo November 20, 2025 (PDF)",Waymo,2025-11-20,2025,https://www.dmv.ca.gov/portal/file/waymo_112025-pdf/,waymo_112025-pdf,reports/2025/waymo_112025-pdf.pdf
"Waymo November 23, 2025 (PDF)",Waymo,2025-11-23,2025,https://www.dmv.ca.gov/portal/file/waymo_11232025-pdf/,waymo_11232025-pdf,reports/2025/waymo_11232025-pdf.pdf
"Waymo November 24, 2025 (1) (PDF)",Waymo,2025-11-24,2025,https://www.dmv.ca.gov/portal/file/waymo_11242025_1-pdf/,waymo_11242025_1-pdf,reports/2025/waymo_11242025_1-pdf.pdf
"Waymo November 24, 2025 (2) (PDF)",Waymo,2025-11-24,2025,https://www.dmv.ca.gov/portal/file/waymo_11242025_2-pdf/,waymo_11242025_2-pdf,reports/2025/waymo_11242025_2-pdf.pdf
"Zoox November 25, 2025 (PDF)",Zoox,2025-11-25,2025,https://www.dmv.ca.gov/portal/file/zoox_11252025-pdf/,zoox_11252025-pdf,reports/2025/zoox_11252025-pdf.pdf
"Waymo November 26, 2025 (PDF)",Waymo,2025-11-26,2025,https://www.dmv.ca.gov/portal/file/waymo_112625-pdf/,waymo_112625-pdf,reports/2025/waymo_112625-pdf.pdf
"Waymo December 4, 2025 (PDF)",Waymo,2025-12-04,2025,https://www.dmv.ca.gov/portal/file/waymo_120425-pdf/,waymo_120425-pdf,reports/2025/waymo_120425-pdf.pdf
"Zoox December 8, 2025 (PDF)",Zoox,2025-12-08,2025,https://www.dmv.ca.gov/portal/file/zoox_12082025-pdf/,zoox_12082025-pdf,reports/2025/zoox_12082025-pdf.pdf
"Waymo December 10, 2025 (1) (PDF)",Waymo,2025-12-10,2025,https://www.dmv.ca.gov/portal/file/waymo_121025-1-pdf/,waymo_121025-1-pdf,reports/2025/waymo_121025-1-pdf.pdf
"Waymo December 10, 2025 (2) (PDF)",Waymo,2025-12-10,2025,https://www.dmv.ca.gov/portal/file/waymo_121025-2-pdf/,waymo_121025-2-pdf,reports/2025/waymo_121025-2-pdf.pdf
"Waymo December 12, 2025 (PDF)",Waymo,2025-12-12,2025,https://www.dmv.ca.gov/portal/file/waymo_121225-pdf/,waymo_121225-pdf,reports/2025/waymo_121225-pdf.pdf
"Zoox December 13, 2025 (PDF)",Zoox,2025-12-13,2025,https://www.dmv.ca.gov/portal/file/zoox_121325-pdf/,zoox_121325-pdf,reports/2025/zoox_121325-pdf.pdf
"Zoox December 14, 2025 (PDF)",Zoox,2025-12-14,2025,https://www.dmv.ca.gov/portal/file/zoox_121425-pdf/,zoox_121425-pdf,reports/2025/zoox_121425-pdf.pdf
"Waymo December 15, 2025 (PDF)",Waymo,2025-12-15,2025,https://www.dmv.ca.gov/portal/file/waymo_121525-pdf/,waymo_121525-pdf,reports/2025/waymo_121525-pdf.pdf
"Waymo December 19, 2025 (PDF)",Waymo,2025-12-19,2025,https://www.dmv.ca.gov/portal/file/waymo_121925-pdf/,waymo_121925-pdf,reports/2025/waymo_121925-pdf.pdf
"Waymo December 24, 2025 (PDF)",Waymo,2025-12-24,2025,https://www.dmv.ca.gov/portal/file/waymo_122425-pdf/,waymo_122425-pdf,reports/2025/waymo_122425-pdf.pdf
"Waymo December 25, 2025 (PDF)",Waymo,2025-12-25,2025,https://www.dmv.ca.gov/portal/file/waymo_122525-pdf/,waymo_122525-pdf,reports/2025/waymo_122525-pdf.pdf
"Waymo December 26, 2025 (PDF)",Waymo,2025-12-26,2025,https://www.dmv.ca.gov/portal/file/waymo_122625_redacted-pdf/,waymo_122625_redacted-pdf,reports/2025/waymo_122625_redacted-pdf.pdf
"Waymo December 29, 2025 (PDF)",Waymo,2025-12-29,2025,https://www.dmv.ca.gov/portal/file/waymo_122925_redacted-pdf/,waymo_122925_redacted-pdf,reports/2025/waymo_122925_redacted-pdf.pdf
"Waymo December 30, 2025 (PDF)",Waymo,2025-12-30,2025,https://www.dmv.ca.gov/portal/file/waymo_123025_redacted-pdf/,waymo_123025_redacted-pdf,reports/2025/waymo_123025_redacted-pdf.pdf
"Waymo January 6, 2026 (PDF)",Waymo,2026-01-06,2026,https://www.dmv.ca.gov/portal/file/waymo_010626-pdf/,waymo_010626-pdf,reports/2026/waymo_010626-pdf.pdf
"Waymo January 8, 2026 (PDF)",Waymo,2026-01-08,2026,https://www.dmv.ca.gov/portal/file/waymo_010826-pdf/,waymo_010826-pdf,reports/2026/waymo_010826-pdf.pdf
"Waymo January 9, 2026 (PDF)",Waymo,2026-01-09,2026,https://www.dmv.ca.gov/portal/file/waymo_010926-pdf/,waymo_010926-pdf,reports/2026/waymo_010926-pdf.pdf
"Zoox January 10, 2026 (PDF)",Zoox,2026-01-10,2026,https://www.dmv.ca.gov/portal/file/zoox_01102026-pdf/,zoox_01102026-pdf,reports/2026/zoox_01102026-pdf.pdf
"Waymo January 11, 2026 (PDF)",Waymo,2026-01-11,2026,https://www.dmv.ca.gov/portal/file/waymo_01112026-pdf/,waymo_01112026-pdf,reports/2026/waymo_01112026-pdf.pdf
"Waymo January 14, 2026 (PDF)",Waymo,2026-01-14,2026,https://www.dmv.ca.gov/portal/file/waymo_01142026-pdf/,waymo_01142026-pdf,reports/2026/waymo_01142026-pdf.pdf
"Waymo January 15, 2026 (1) (PDF)",Waymo,2026-01-15,2026,https://www.dmv.ca.gov/portal/file/waymo_01152026_1-pdf/,waymo_01152026_1-pdf,reports/2026/waymo_01152026_1-pdf.pdf
"Waymo January 15, 2026 (2) (PDF)",Waymo,2026-01-15,2026,https://www.dmv.ca.gov/portal/file/waymo_01152026_2-pdf/,waymo_01152026_2-pdf,reports/2026/waymo_01152026_2-pdf.pdf
"Zoox January 17, 2026 (PDF)",Zoox,2026-01-17,2026,https://www.dmv.ca.gov/portal/file/zoox_01172026-pdf/,zoox_01172026-pdf,reports/2026/zoox_01172026-pdf.pdf
"Waymo January 21, 2026 (PDF)",Waymo,2026-01-21,2026,https://www.dmv.ca.gov/portal/file/waymo_012126-pdf/,waymo_012126-pdf,reports/2026/waymo_012126-pdf.pdf
"Zoox January 22, 2026 (PDF)",Zoox,2026-01-22,2026,https://www.dmv.ca.gov/portal/file/zoox_012226_redacted-pdf/,zoox_012226_redacted-pdf,reports/2026/zoox_012226_redacted-pdf.pdf
"Waymo January 25, 2026 (1) (PDF)",Waymo,2026-01-25,2026,https://www.dmv.ca.gov/portal/file/waymo_012526_redacted_1-pdf/,waymo_012526_redacted_1-pdf,reports/2026/waymo_012526_redacted_1-pdf.pdf
"Waymo January 25, 2026 (2) (PDF)",Waymo,2026-01-25,2026,https://www.dmv.ca.gov/portal/file/waymo_012526_redacted_2-pdf/,waymo_012526_redacted_2-pdf,reports/2026/waymo_012526_redacted_2-pdf.pdf
"Waymo January 26, 2026 (PDF)",Waymo,2026-01-26,2026,https://www.dmv.ca.gov/portal/file/waymo_012626_redacted-pdf/,waymo_012626_redacted-pdf,reports/2026/waymo_012626_redacted-pdf.pdf
"Waymo January 29, 2026 (PDF)",Waymo,2026-01-29,2026,https://www.dmv.ca.gov/portal/file/waymo_012926_redacted-pdf/,waymo_012926_redacted-pdf,reports/2026/waymo_012926_redacted-pdf.pdf
"Waymo February 1, 2026 (PDF)",Waymo,2026-02-01,2026,https://www.dmv.ca.gov/portal/file/waymo_020126_redacted-pdf/,waymo_020126_redacted-pdf,reports/2026/waymo_020126_redacted-pdf.pdf
"Zoox February 1, 2026 (PDF)",Zoox,2026-02-01,2026,https://www.dmv.ca.gov/portal/file/zoox_020126_redacted-pdf/,zoox_020126_redacted-pdf,reports/2026/zoox_020126_redacted-pdf.pdf
"Waymo February 2, 2026 (PDF)",Waymo,2026-02-02,2026,https://www.dmv.ca.gov/portal/file/waymo_020226_redacted-pdf/,waymo_020226_redacted-pdf,reports/2026/waymo_020226_redacted-pdf.pdf
"Zoox February 2, 2026 (PDF)",Zoox,2026-02-02,2026,https://www.dmv.ca.gov/portal/file/zoox_020226_redacted-pdf/,zoox_020226_redacted-pdf,reports/2026/zoox_020226_redacted-pdf.pdf
"Zoox February 4, 2026 (PDF)",Zoox,2026-02-04,2026,https://www.dmv.ca.gov/portal/file/zoox_020426-pdf/,zoox_020426-pdf,reports/2026/zoox_020426-pdf.pdf
"Waymo February 5, 2026 (PDF)",Waymo,2026-02-05,2026,https://www.dmv.ca.gov/portal/file/waymo_020526_redacted-pdf/,waymo_020526_redacted-pdf,reports/2026/waymo_020526_redacted-pdf.pdf
"Zoox February 5, 2026 (PDF)",Zoox,2026-02-05,2026,https://www.dmv.ca.gov/portal/file/zoox_020526-pdf/,zoox_020526-pdf,reports/2026/zoox_020526-pdf.pdf
"Waymo February 6, 2026 (PDF)",Waymo,2026-02-06,2026,https://www.dmv.ca.gov/portal/file/waymo_020626_redacted-pdf/,waymo_020626_redacted-pdf,reports/2026/waymo_020626_redacted-pdf.pdf
"Zoox February 6, 2026 (PDF)",Zoox,2026-02-06,2026,https://www.dmv.ca.gov/portal/file/zoox_020626-pdf/,zoox_020626-pdf,reports/2026/zoox_020626-pdf.pdf
"Zoox February 12, 2026 (PDF)",Zoox,2026-02-12,2026,https://www.dmv.ca.gov/portal/file/zoox_021226-pdf/,zoox_021226-pdf,reports/2026/zoox_021226-pdf.pdf
"Waymo February 15, 2026 (PDF)",Waymo,2026-02-15,2026,https://www.dmv.ca.gov/portal/file/waymo_021526-pdf/,waymo_021526-pdf,reports/2026/waymo_021526-pdf.pdf
"Zoox February 18, 2026 (PDF)",Zoox,2026-02-18,2026,https://www.dmv.ca.gov/portal/file/zoox_021826-pdf/,zoox_021826-pdf,reports/2026/zoox_021826-pdf.pdf
"Zoox February 19, 2026 (PDF)",Zoox,2026-02-19,2026,https://www.dmv.ca.gov/portal/file/zoox_021926-pdf/,zoox_021926-pdf,reports/2026/zoox_021926-pdf.pdf
"Waymo February 20, 2026 (PDF)",Waymo,2026-02-20,2026,https://www.dmv.ca.gov/portal/file/waymo_022026-pdf/,waymo_022026-pdf,reports/2026/waymo_022026-pdf.pdf
"Zoox February 20, 2026 (PDF)",Zoox,2026-02-20,2026,https://www.dmv.ca.gov/portal/file/zoox_022026-pdf/,zoox_022026-pdf,reports/2026/zoox_022026-pdf.pdf
"Waymo February 25, 2026 (PDF)",Waymo,2026-02-25,2026,https://www.dmv.ca.gov/portal/file/waymo_022526-pdf/,waymo_022526-pdf,reports/2026/waymo_022526-pdf.pdf
"Waymo March 1, 2026 (PDF)",Waymo,2026-03-01,2026,https://www.dmv.ca.gov/portal/file/waymo_030126-pdf/,waymo_030126-pdf,reports/2026/waymo_030126-pdf.pdf
"Waymo March 2, 2026 (PDF)",Waymo,2026-03-02,2026,https://www.dmv.ca.gov/portal/file/waymo_030226-pdf/,waymo_030226-pdf,reports/2026/waymo_030226-pdf.pdf
"Waymo March 4, 2026 (1) (PDF)",Waymo,2026-03-04,2026,https://www.dmv.ca.gov/portal/file/waymo_030426-1-pdf/,waymo_030426-1-pdf,reports/2026/waymo_030426-1-pdf.pdf
"Waymo March 4, 2026 (2) (PDF)",Waymo,2026-03-04,2026,https://www.dmv.ca.gov/portal/file/waymo_030426-2-pdf/,waymo_030426-2-pdf,reports/2026/waymo_030426-2-pdf.pdf
"Waymo March 7, 2026 (PDF)",Waymo,2026-03-07,2026,https://www.dmv.ca.gov/portal/file/waymo_030726-pdf/,waymo_030726-pdf,reports/2026/waymo_030726-pdf.pdf
"Waymo March 8, 2026 (PDF)",Waymo,2026-03-08,2026,https://www.dmv.ca.gov/portal/file/waymo_030826-pdf/,waymo_030826-pdf,reports/2026/waymo_030826-pdf.pdf
"Waymo March 9, 2026 (1) (PDF)",Waymo,2026-03-09,2026,https://www.dmv.ca.gov/portal/file/waymo_030926-1-pdf/,waymo_030926-1-pdf,reports/2026/waymo_030926-1-pdf.pdf
"Waymo March 9, 2026 (2) (PDF)",Waymo,2026-03-09,2026,https://www.dmv.ca.gov/portal/file/waymo_030926-2-pdf/,waymo_030926-2-pdf,reports/2026/waymo_030926-2-pdf.pdf
"Waymo March 12, 2026 (PDF)",Waymo,2026-03-12,2026,https://www.dmv.ca.gov/portal/file/waymo_031226-pdf/,waymo_031226-pdf,reports/2026/waymo_031226-pdf.pdf
